Date,Germany,Albania,Austria,Belgium,Bosnia and Herzegovina,Bulgaria,Czech Republic,Denmark,Estonia,Finland,France,Cyprus,Croatia,Netherlands,United Kingdom,Ireland,Spain,Sweden,Switzerland,Italy,Iceland,Montenegro,Kosovo,Latvia,Lithuania,Luxembourg,Hungary,Macedonia,Malta,Norway,Poland,Portugal,Romania,Serbia,Slovak Republic,Slovenia,Greece,Other Europe Countries,Total Europe,Azerbaijan,Belarus,Armenia,Georgia,Kazakhstan,Kyrgyzstan,Moldova,Uzbekistan,Russia,Tajikistan,Turkmenistan,Ukraine,Total UIS,United States,Argentina,Brazil,Canada,Colombia,Mexico,Chile,Venezuela,Other America Countries,Total America,Algeria,Morocco,South Africa,Libya,Egypt,Sudan,Tunisia,East Africa,Total Africa,United Arab Emirates,Bahrain,Bangladesh,China,Indonesia,Philippines,South Korea,India,Iraq,Iran,Israel,Japan,Turkish Republic of Northern Cyprus,Qatar,Kuwait,Lebanon,Malaysia,Pakistan,Singapore,Syria,Saudi Arabia,Thailand,Jordan,Yemen,Other Asia Countries,Total Asia,Australia,New Zealand,Oceania,Haymatlos,Grand Total
2008-01,177233,2811,20207,12389,2546,99048,1824,5613,426,1921,30796,296,2354,32012,35215,2086,7724,8156,9655,24918,72,0,0,1126,1076,164,2266,5480,114,3488,4543,810,16966,8449,883,1279,27656,91,551693,29978,1764,2500,40517,6059,3859,7769,3431,52741,2965,5221,20789,177593,22581,662,1442,3670,277,720,185,494,1590,31621,3719,2088,586,2526,2320,329,2541,1164,15273,568,194,226,3848,545,1248,13933,2825,8771,29120,16500,10985,10696,91,275,1836,1153,1858,736,24464,721,563,2787,116,2921,136980,4823,497,3,1056,919539
2008-02,143666,2604,16295,11309,2342,82707,2064,5464,515,1723,29228,369,1738,23565,33385,1723,8331,5808,8947,15204,99,0,0,1309,1198,155,2281,5253,110,3203,5009,999,21941,7248,1379,1378,21990,60,470599,33028,2999,3586,43820,8777,3398,9322,4520,46999,4837,5407,21474,188167,18562,612,1446,2981,107,546,554,125,1895,26828,2825,2094,578,1871,3201,220,2216,1600,14605,252,166,357,4972,486,2018,10652,2688,10418,36619,19408,11197,15090,105,478,1719,1679,1685,909,24949,1499,516,2594,299,3191,153946,3254,394,11,947,858751
2008-03,249797,3626,23558,21097,2952,102877,2524,11288,695,4142,36832,435,2649,34660,46445,3593,27664,11248,13368,25805,367,0,0,2050,2262,341,3085,5930,280,8424,5100,1849,21451,8441,1408,1322,44384,145,732094,37111,3040,3731,49739,8070,3597,10433,4133,52034,6169,6562,23654,208273,29479,789,1318,5090,238,1430,248,412,1857,40861,3936,2338,1077,2672,3412,336,3684,1709,19164,605,247,245,4014,910,2040,8717,4180,13165,81837,29858,12858,11621,113,256,2842,2424,1800,1117,27203,1016,1003,3280,287,4073,215711,3571,592,69,1233,1221568
2008-04,242531,3219,22668,30772,3539,110627,4198,10878,1098,7661,73221,527,2384,47950,85841,3846,20599,14843,14681,34936,622,0,0,2251,3400,394,3974,7985,259,9692,9547,2006,26194,9357,1957,1910,46099,133,861799,35267,4130,4011,57554,8178,3474,11654,3991,64565,4361,6825,29568,233578,38922,916,2387,7395,283,1501,527,469,2235,54635,4898,2774,1267,3172,3441,330,2877,1826,20585,405,232,224,4586,1149,1971,12782,4201,12539,63238,50992,11516,14283,158,896,3939,1840,1746,1302,27704,2074,1081,3455,331,4547,227191,10084,2249,70,1304,1411495
2008-05,399724,4156,32265,50483,4709,148642,9286,26008,4508,12479,85549,888,2997,183312,203340,11936,31934,47482,22433,58499,463,0,0,6950,14423,2813,5364,8042,242,22667,34855,3393,32095,11950,2815,3649,51656,170,1542177,39946,14623,4756,70673,12683,3678,15074,4645,284720,3873,6740,90428,551839,80430,2358,5157,18578,488,2287,1094,744,3368,114504,5284,3274,2244,3379,4073,562,4135,2807,25758,617,323,267,6100,1500,2456,12960,6783,13530,87791,40665,13258,15258,154,884,2565,2614,2659,1693,30869,2025,1005,4336,444,7854,258610,13011,2606,11,1481,2509997
2008-06,364145,4862,44762,54415,6093,142896,22824,29591,4649,12565,76481,898,2500,99473,289104,17955,31267,53109,18824,72876,2065,0,0,7551,15560,606,10138,8830,262,33896,48630,4058,47225,15247,9278,3558,54939,230,1611362,42237,26816,4966,65192,29542,3946,18089,5261,514984,2703,6800,100126,820662,79917,2363,4340,12684,656,2787,1012,789,4963,109511,4792,3460,2227,3695,3697,931,3874,2750,25426,1458,520,356,5286,1914,2935,9905,6551,15714,114615,62607,15348,16010,272,1707,4338,2837,3196,2200,32572,2758,779,7329,426,6653,318286,13024,2687,11,1979,2902948
2008-07,519849,9718,69174,102714,8854,149194,30617,62271,5602,11532,85688,2021,3057,150207,319087,19555,40266,63953,32838,56925,1535,0,0,7104,13140,617,19674,13902,284,53710,88223,4286,64272,27820,16411,6498,59103,289,2119990,45003,28474,7434,78527,40577,3800,16215,6464,492831,1720,7422,115681,844148,88506,1823,6810,15903,1080,4865,995,1196,5699,126877,5652,4296,3080,4280,6547,693,4375,2520,31443,5205,1987,455,5981,2139,2703,9963,5464,24817,131540,74018,12434,26611,1110,4919,6908,1290,3279,1167,43426,9587,773,15335,635,9522,401268,15074,3337,17,3641,3545795
2008-08,728774,12534,145205,130769,9554,151924,29955,54233,4944,12711,214137,2449,3559,264823,407541,22768,61573,73364,39798,118514,1241,0,0,8165,13492,1866,17459,17517,701,46532,75398,7087,74831,33703,15643,5127,78378,320,2886589,50770,26422,11448,74194,44402,4301,18118,7769,519843,2229,8625,122470,890591,72971,1733,3394,17635,536,2139,844,1672,18798,119722,10636,7853,2811,5921,9879,938,4970,3196,46204,6662,2953,263,4436,1409,2755,11840,4733,36140,138798,94919,14709,31024,2071,7797,10943,1439,4026,846,52328,24972,954,16285,1005,8416,481723,17875,2842,36,4499,4450081
2008-09,536884,8984,49996,79138,5396,162861,29933,29362,4904,13371,91247,942,2959,112516,379733,17734,49169,52801,23819,78671,1505,0,0,9018,13315,2368,14293,8531,545,31442,76987,5578,77961,21023,12900,4852,46000,188,2056926,45102,23578,6099,89446,25964,4324,14402,6443,470108,1621,7562,105407,800056,81973,3217,6771,24987,942,3483,1513,1383,4059,128328,3606,1910,2837,2996,2417,415,2574,2263,19018,203,147,305,4652,873,2182,7871,3839,19627,78846,56984,12538,16305,61,817,5198,1372,2369,1428,30797,2499,780,2881,261,5931,258766,18352,3450,26,2076,3286998
2008-10,601367,3890,41668,50641,5870,124976,19544,31031,4675,17983,72609,590,3568,153989,282241,9139,29180,50970,48230,59175,1110,0,0,8497,10640,767,10013,7909,274,27144,38010,2778,28553,11982,3411,4458,53522,300,1820704,30453,15467,5843,81277,14063,4221,10170,5896,251660,1419,7813,65694,493976,98928,2718,6931,28320,769,4976,787,1398,3552,148379,5210,3500,2215,3563,5819,704,2851,2391,26253,922,490,420,5319,1892,3008,9284,4804,20409,114934,68385,13745,15384,261,1094,5066,2976,2592,2056,35187,4056,1331,6945,473,7562,328595,16315,3346,11,2394,2839973
2008-11,289092,3708,25466,23595,4437,104830,4199,7585,1233,4492,55309,415,2284,37825,72386,3343,16201,18083,14169,34043,131,0,0,2412,3092,399,4276,10085,288,6256,6376,1738,21414,9622,2252,1674,40126,161,832997,39454,3487,5206,81884,10278,4432,6466,6676,66871,1898,8770,21058,256480,56856,923,2007,10176,282,1779,465,351,2499,75338,5784,2875,1007,5068,4276,626,4657,2433,26726,492,363,350,5939,1193,2495,7648,4741,20421,95185,25081,10678,11496,118,584,4236,2228,2843,2259,31676,1657,773,4072,405,6221,243154,6956,945,50,1659,1444305
2008-12,143886,3833,14500,11358,3740,131661,2256,4673,437,2054,26311,434,1649,25769,35936,1443,11177,7773,8887,17759,46,0,0,1474,1314,215,2350,8834,113,4089,3794,1207,16303,7789,1026,1148,38373,68,543679,39198,1840,4815,91786,8096,5376,7316,7165,46501,1996,9658,13021,236768,24074,349,1086,4266,271,808,157,364,1482,32857,3229,2722,996,3178,4682,385,3697,1893,20782,2121,394,193,5695,1374,1880,4141,3251,17834,57193,20320,8811,14011,274,1221,2533,4088,2806,3430,37156,2362,537,4006,232,3523,199386,4194,627,10,1370,1039674
2009-01,158969,2987,21241,12557,2756,102519,2466,5025,424,2335,31328,354,2125,28762,35992,2028,9332,8528,10429,26132,130,229,493,1061,905,113,2321,5565,110,3345,4383,1307,7392,12918,1026,1461,28225,122,537395,28043,2125,2445,66870,6151,2921,5069,3669,37542,1090,9052,13706,178683,23659,811,1462,3676,219,497,188,270,3730,34512,4775,2857,840,2962,2400,313,3632,1337,19116,1042,216,160,5569,715,1434,6067,2244,14826,27575,7288,9388,10533,209,577,2594,1537,1389,1086,27396,1118,668,2792,175,3831,130429,4530,585,6,1346,906602
2009-02,131017,2791,16520,10569,2574,97535,2769,5691,333,2532,29257,445,1925,24442,33371,1569,7962,7014,10281,16601,68,324,778,1075,975,156,2095,5904,153,3485,4809,1232,15647,6026,1423,1338,24710,73,475469,29625,2801,3129,84438,9274,3384,4936,4997,32056,1294,7368,14642,197944,17053,575,1221,3057,79,331,367,136,1353,24172,4288,2510,624,2918,5346,351,2945,1870,20852,411,343,200,3853,442,1644,5164,2281,15381,30736,7225,9532,16346,186,1566,2315,1383,1179,890,23947,2026,375,3134,265,3059,133883,3201,401,8,1184,857114
2009-03,198101,3520,21815,15055,3202,118476,3548,8437,430,5022,36385,796,2375,31340,44414,2192,17005,10157,12114,22712,102,328,1233,1593,1447,213,2600,6133,165,6286,6186,1984,16266,7609,1596,1308,46043,129,658317,29752,2583,2598,81353,6710,3115,5513,4790,33651,1414,9192,15001,195672,28610,631,1497,5829,199,909,282,257,1662,39876,5107,4680,1062,3477,4528,682,5475,2686,27697,752,303,313,4857,954,2019,5562,3870,19674,132580,9405,11339,11767,163,963,3911,1902,1873,1016,28333,1980,1306,3721,375,3866,252804,3175,588,9,1321,1179459
2009-04,276199,3713,28454,38934,3736,129436,4971,15225,865,11710,72542,586,2774,51825,98392,4792,33997,17752,20857,45999,432,495,1405,2025,3085,795,3700,9315,295,10733,9182,3959,21745,8848,2632,1882,57238,140,1000665,29119,3985,3273,82901,8143,2565,6690,4359,46737,1870,9097,22532,221271,39812,1191,2688,8315,616,1494,389,610,2645,57760,7482,5724,1761,4798,4782,667,4090,2553,31857,810,484,276,5686,2472,3411,7303,4011,18717,91154,22020,11291,14084,208,1275,6429,1899,2065,1269,29077,2823,1447,5192,463,4329,238195,10095,2997,10,1844,1564694
2009-05,336715,4109,32512,51680,4281,156967,8537,25379,4297,15930,97001,656,2754,160164,229667,12545,28346,46541,23549,64912,573,2849,1554,4294,9972,779,5923,9047,266,21738,33335,4097,26940,5826,3395,3752,51023,150,1492055,32800,15408,3946,115022,12706,3153,12096,5109,243035,2010,8622,75713,529620,60190,2332,5750,15321,737,2029,836,910,2844,90949,6858,4719,2145,4324,4299,873,4651,2469,30338,649,492,277,5794,3034,4399,7794,6154,21413,102461,16923,12456,15038,223,1212,5009,2606,2363,1797,30738,3497,1187,5638,486,5545,257185,11193,3452,12,1836,2416640
2009-06,425237,4543,42095,54830,5728,155296,24529,28569,5557,17997,77096,1107,2990,97095,322492,17331,35966,50360,23725,76032,1097,605,2484,5422,11367,883,8914,9749,273,33982,60106,5155,48410,7634,11572,3724,55390,266,1735608,36752,24945,4860,111669,32490,3612,14936,5776,467197,1641,9309,83810,796997,79762,2380,5553,14346,901,1621,860,1062,7487,113972,6051,4905,2505,5205,4023,1183,4667,3641,32180,1365,464,365,5131,2494,3409,7142,5841,21676,133936,26400,11328,15468,246,1752,4066,3425,2121,2511,33659,2892,681,9678,544,6008,302602,13294,2505,26,2357,2999541
2009-07,499159,8183,82019,98109,7735,157664,31506,67620,5571,17566,91941,4007,2882,120687,359696,20143,48680,64870,39409,75502,1084,4362,4148,5220,13309,1097,13712,13651,425,57849,94407,5580,55186,12366,18631,7714,61925,418,2174033,45817,28124,8414,76514,42719,3693,15803,7977,484041,1817,10857,91187,816963,84915,1803,6872,17635,1428,4178,828,948,8871,127478,10122,8232,3454,6534,7907,1043,5861,3240,46393,4524,2462,309,5629,2453,3386,10094,4993,34453,173637,40284,12026,26671,1002,6460,10220,1821,2847,1145,43152,11093,639,17525,871,7938,425634,17840,2856,47,4304,3615548
2009-08,796792,10863,141860,145468,6469,154135,29316,57185,5711,16657,231001,2256,4882,281567,464683,22249,65317,70490,45893,103183,1153,606,4581,5600,12323,2369,14510,14784,587,49224,82232,8800,57058,12761,18704,6231,80705,535,3028740,53522,24548,13805,90894,46592,3875,16846,9207,514118,2224,11298,93618,880547,80790,2478,4889,20591,695,2074,745,1744,11770,125776,15485,10410,2969,10171,8766,933,7133,9874,65741,6033,2437,302,5244,2065,4315,11652,4256,43713,153252,76404,13942,28922,1368,6614,13294,1301,2702,1042,46844,24559,478,17032,1200,7681,476652,20206,2417,22,4982,4605083
2009-09,526500,8549,61721,72655,4721,161693,29699,32934,5658,16766,94633,1539,3325,127429,407808,17786,48529,55406,25991,82852,1466,646,2951,6242,10868,2179,12550,7964,388,33994,79788,6115,62284,11093,14495,4660,57598,320,2101795,40186,21762,6552,80710,25409,4023,12889,6821,469257,1407,10310,79377,758703,76914,3290,8708,23770,839,2800,1136,1290,7669,126416,2231,2615,3222,2893,4950,489,2222,2768,21390,1008,272,228,5616,2737,3474,7757,4963,22153,112785,38310,15369,19030,238,1761,8440,1785,1529,1234,51901,3955,737,7138,281,5535,318236,17507,3456,5,2470,3349978
2009-10,651383,4720,47679,51173,4876,139993,18280,35714,6079,23069,87480,809,3791,153509,338938,11548,35970,51520,54823,62802,1457,816,3031,5897,9430,680,9811,9213,433,30246,31125,4274,26035,7931,4856,4072,58185,348,1991996,37714,12620,6250,71835,15918,4674,10577,7826,255366,1669,13719,53752,491920,98392,3235,8603,26324,880,2735,1139,1078,5708,148094,11378,5420,2784,8530,7349,989,5447,4079,45976,1000,464,368,7462,1792,3753,7354,5392,29103,178991,45014,15363,15114,289,1320,6863,2514,2940,2016,66205,5299,1270,6486,701,6825,413898,17344,3127,49,2708,3115112
2009-11,312003,3723,25521,26914,4249,130422,8095,8653,1384,5343,52474,535,2400,45154,74677,3521,22847,16340,12445,32674,319,554,3103,1764,2398,462,3936,8812,243,8713,8427,2226,17347,6991,2134,1679,45014,119,903615,34385,3172,4948,58111,9229,4389,6675,7247,65296,1803,13375,21089,229719,60109,1103,3197,12444,344,1724,455,363,2587,82326,6458,5172,1498,7102,5528,698,5699,3442,35597,840,435,280,6905,1396,2417,7381,4539,21635,140223,12999,15165,13531,273,1354,4900,3428,2191,2189,60866,3498,620,5049,488,6564,319166,8659,1024,10,1618,1581734
2009-12,169496,3546,16284,14707,3810,119504,2789,5676,536,3232,33909,448,1520,35157,34885,1950,17957,9006,9013,20115,88,556,2405,1352,1087,211,2371,8713,224,4694,4652,1364,15577,6039,1235,1073,41723,91,596995,32526,2481,4830,64289,10092,3851,6986,6659,48488,1566,13889,18180,213837,25360,721,2369,5267,203,1113,187,392,1652,37264,6170,5519,1755,6925,4936,430,5787,3229,34751,3233,684,174,5938,1514,2184,6445,3813,21213,92566,14194,11992,11785,511,1302,3936,5936,1859,3875,58898,3584,556,4459,395,4811,265857,5428,752,5,1583,1156472
2010-01,158731,2280,18172,10851,1932,106764,2154,4483,348,2204,25336,310,1529,25180,28608,1707,11921,7074,7699,22086,107,844,1971,878,1043,158,2331,6397,107,3621,4239,1081,12281,5786,998,848,36598,98,518755,26279,1608,2618,48550,4561,1554,3163,2367,40680,634,6037,13010,151061,20077,768,2817,3464,212,434,240,252,1137,29401,3327,3107,945,3756,2257,243,3968,1342,18945,667,198,130,3790,1374,1416,10213,2758,11660,90150,9813,10205,9534,149,592,1954,1770,1184,1035,50382,1177,542,3039,192,2803,216727,3912,505,18,1055,940379
2010-02,126747,1787,14299,9740,1775,76825,2230,5570,393,2281,26715,339,1688,24416,29236,1477,9242,5020,8515,16017,77,788,1841,956,961,181,2080,5257,104,3888,4604,1219,13927,3757,1275,1028,31005,98,437358,27635,2298,3255,53017,7136,2484,3494,3744,37194,936,6745,14900,162838,14169,683,2137,3123,86,345,442,123,978,22086,2587,3082,782,2689,3828,266,3285,2144,18663,1589,355,86,6692,530,1677,8164,2664,16430,108668,7847,11892,15666,328,1833,2595,2395,985,986,49384,3184,273,2988,288,5287,252786,2419,437,3,755,897345
2010-03,211778,2333,23030,14031,2829,93300,3625,8550,549,5129,34583,374,1907,28150,37757,1968,18919,9289,9277,24151,166,511,2352,1193,1823,238,2816,7843,309,7503,5557,2456,15126,5164,1448,902,45185,83,632204,31801,2230,3351,71801,7003,2276,3984,3915,40867,885,8676,16661,193450,25445,673,2263,5915,208,800,219,220,1124,36867,4112,4175,1349,3527,4022,339,5737,1973,25234,562,234,130,4425,2104,1950,9094,3294,14994,216898,11990,16280,12008,161,677,5368,2469,1415,1183,62527,1916,410,3225,381,3205,376900,3454,578,2,1081,1269770
2010-04,270455,2973,24121,35404,3169,119624,6022,13972,1924,10399,76071,626,3074,39845,95248,4391,31162,16038,19000,49002,193,796,3104,1254,3254,873,3638,9220,247,10947,7734,4822,19112,6629,1904,3209,63031,178,962665,31168,3953,3369,76523,7525,2046,4727,3810,57242,1334,8337,21552,221586,40104,1184,3554,8798,385,1425,365,512,1659,57986,5697,4610,2031,4489,4002,342,3776,2470,27417,1065,442,159,5500,2499,2386,11516,4041,14120,156601,23825,16820,13488,311,1139,11155,2216,1577,1404,65096,4430,1504,4851,460,3989,350594,10106,2258,19,1568,1634199
2010-05,373082,3264,33521,52121,3414,134661,7747,29668,5858,17763,98817,1333,2644,176766,286639,12856,27553,50796,25098,58901,345,845,3238,4550,11280,1320,6478,9744,311,24909,32324,4545,24561,6610,3824,3243,57612,218,1598459,35952,15694,4159,83579,15390,2339,10709,4442,329978,1329,8939,80338,592848,73387,3202,8277,19546,664,2341,989,745,2456,111607,4873,4764,2995,4555,3934,764,4913,2618,29416,963,524,211,6899,2150,3299,12944,7567,14374,159595,18276,18265,15823,318,1508,8721,2720,1659,1664,68324,2934,867,5483,423,5431,360942,13180,2963,24,1619,2711058
2010-06,418535,4436,41857,51294,5198,132854,25267,30147,5664,18268,79555,1304,2967,95545,408614,15759,36330,63621,20570,84055,1028,983,5089,6337,12128,619,10311,10676,283,39809,61805,6438,50301,10261,13883,3991,50508,231,1826521,41184,28702,5538,96264,38372,2703,13727,5776,571657,1897,8539,85329,899688,91550,2819,7291,15875,718,2584,892,908,2632,125269,4424,4483,3605,5344,3965,891,4762,3922,31396,2210,523,223,6555,2544,2887,10077,7441,18886,179412,3995,16919,15141,385,1989,9170,4762,2482,2231,71480,4191,845,11374,595,6787,383104,20326,3623,426,2092,3292445
2010-07,440751,7085,84899,93851,7502,141534,31886,73258,4892,17496,97002,2450,2648,121830,430335,22168,36387,69035,37225,66904,896,987,6964,5123,11913,824,16850,13699,363,67045,88573,5379,51385,18873,21132,6202,60418,379,2166143,50704,29366,9196,107443,47805,3126,13551,7315,553694,2114,9760,85805,919879,83638,1992,8183,17320,1409,4813,1077,706,4247,123385,8859,8455,2855,8570,10895,643,6889,3730,50896,10653,3069,226,6018,2965,3260,11226,5907,36309,206835,4265,15801,23704,1620,8406,18897,2037,3586,1036,102487,21937,815,24041,1039,8241,524380,17270,3020,5,4400,3809378
2010-08,705076,11293,105681,119915,6126,125039,31548,58527,3279,13529,200879,5763,3276,227902,483899,19363,48554,72562,36881,126577,989,1490,6381,4569,9668,2573,15862,12528,447,53059,87730,8686,51590,19687,20574,6849,81696,328,2790375,59248,27432,12966,121855,53493,3258,13755,8450,556036,2251,10642,84269,953655,64696,1797,5782,17863,590,2219,840,1037,3399,98223,7583,6104,2713,7734,6314,609,5279,3168,39504,5513,1784,145,7041,1451,2791,12555,4930,32673,141101,5799,17632,26455,1201,4456,20349,1402,2370,871,84366,20934,629,12309,787,6126,415670,16045,2805,10,3918,4320205
2010-09,529244,7013,59059,69828,5101,158000,32672,34988,4479,18338,98346,1034,3181,117158,421772,16577,40649,67219,25313,87019,1017,1211,4773,5819,9191,2727,13895,9612,473,38496,87375,7082,60092,14143,16017,5730,64380,243,2139266,46585,23934,7579,124928,32368,3342,11793,6357,495084,1489,8943,76863,839265,77572,4329,9267,21445,1106,2803,1290,1048,2619,121479,3170,3817,3561,4897,5574,427,3133,2869,27448,1451,639,193,6603,2497,2836,9465,5096,24771,208296,5717,18052,19668,695,2521,21274,2193,1728,1248,97671,10901,714,11286,545,4635,460695,18705,3667,18,2265,3612808
2010-10,682960,3204,52457,50604,4003,127978,22319,42222,6508,28447,101653,916,4235,163169,355096,10824,34624,58090,61829,62670,1104,1147,3865,6140,7774,710,8680,10605,286,34956,34356,6852,24406,8730,6465,3681,72964,344,2106873,41962,11586,5716,111084,15773,3660,8181,6225,291757,1650,11532,53693,562819,86098,3419,8911,25779,1014,2640,1046,596,2862,132365,8018,4512,3225,6400,6054,698,4678,3056,36641,1045,546,203,8359,2182,3286,11650,6788,31787,168004,6387,19879,14033,277,1194,12089,2532,2585,1749,87767,4473,1337,7186,598,5675,401611,16250,3193,2255,2160,3264167
2010-11,315436,2255,26613,26425,3955,128766,6650,8075,796,6581,54673,730,4287,40910,71241,2872,15475,21236,13849,46108,405,859,2859,1404,2046,805,4492,8768,289,10335,8248,2883,19081,7369,2639,1861,51169,142,922587,43008,2902,4749,93600,8373,3905,3930,5663,69535,1597,9566,16799,263627,47653,871,3579,10807,348,1565,512,320,1348,67003,3460,4129,1608,4412,5843,316,4051,2345,26164,2555,675,143,6984,1366,3235,8826,5999,25486,134996,6957,17375,14841,384,2138,11963,3078,1851,1718,79952,6800,840,6871,509,3971,349513,6727,953,29,1390,1637993
2010-12,137453,2240,14222,10664,2215,103578,2388,4909,446,2893,29407,381,1813,26952,32143,1533,11100,7085,7272,21988,120,1045,3296,884,1057,176,3109,8282,173,4748,5030,1866,14754,5399,1242,980,46694,63,519600,41915,1959,6033,108554,8717,2975,5100,5719,44013,1500,10667,17077,254229,22470,384,2525,3830,211,728,163,267,913,31491,4656,3136,1299,4569,3652,347,5024,2511,25194,2093,430,164,7128,1773,2441,7051,5074,26446,100397,5451,14639,11477,212,879,7022,4969,1967,3796,71756,2038,483,3753,382,3228,285049,3780,641,3,1118,1121105
2011-01,148005,2120,18125,13209,2189,99756,2137,5015,353,2556,29813,322,2320,27302,29991,1601,10125,8441,8489,28951,92,800,2671,840,976,169,2994,7564,114,4727,5041,1196,13493,5117,1078,1008,43844,101,532645,38791,2036,2710,81628,6075,2106,3603,3937,49369,868,7430,16287,214840,22060,975,4039,3952,246,600,265,241,1555,33933,4049,4187,1196,5472,2936,266,3402,1777,23285,1244,237,190,5710,1998,1839,12388,3357,24373,102866,4788,12945,9840,191,856,7149,1947,1676,867,64943,1836,614,3410,335,2810,268409,4230,637,3,1153,1079135
2011-02,133851,1979,19851,10755,1959,83971,2932,6722,405,3617,35843,405,2379,24453,31963,1462,8758,6307,9656,18248,116,779,2380,837,934,295,3221,6128,165,5549,6575,1346,15296,5195,1577,1623,31418,67,489017,35965,3465,3436,52178,8291,2888,3935,5426,51793,1415,7604,18518,194914,19824,1022,2586,4123,147,595,830,188,1050,30365,3215,3634,895,3676,3012,316,2207,2620,19575,1219,673,288,6589,1221,1944,10305,3372,16016,103872,3705,14526,15517,618,2889,5590,2543,1305,910,59784,4674,578,3513,447,3680,265778,2989,573,2,895,1004108
2011-03,246817,2836,28418,18200,3459,103409,4758,9417,668,6779,62481,515,2321,37487,41453,2002,15138,11974,12944,34924,165,974,2837,1407,1445,265,4581,8334,200,11699,7696,2374,16909,7193,2252,1059,55000,125,770515,51769,3426,3903,60651,8269,3013,4381,5720,70300,1220,9962,19725,242339,32921,1055,4970,7135,250,960,394,294,1356,49335,5376,5042,1751,543,4131,371,4000,2774,23988,1142,180,302,7633,1756,2790,10219,5422,19305,237810,4820,18563,11317,268,1657,7999,3041,2796,1155,72381,3032,1224,3970,514,5326,424622,3250,576,4,1324,1515953
2011-04,351036,3495,39056,47900,3876,127390,6811,21245,2641,19554,109675,785,3675,55648,123770,4449,22939,28871,26137,48415,280,1179,4046,2556,4819,1288,4934,11312,258,20182,11944,5096,21923,8566,2998,2979,67905,229,1219862,46561,4211,3559,74870,9404,2859,6005,5169,101666,1355,10161,24926,290746,54292,1587,5021,12309,617,2317,497,756,2120,79516,7250,6935,2701,960,5839,588,5624,3376,33273,2610,381,322,7206,3184,3965,12848,5867,19436,155897,9911,11292,13993,380,2410,12692,3082,2395,1228,73171,9032,1813,5647,554,4829,364145,10865,2317,8,1875,2002607
2011-05,422245,3147,33115,47986,4368,149999,10725,30790,6026,22426,141963,774,3850,181471,276002,13635,23089,61237,28484,62685,510,1314,3973,6147,12414,814,6287,11713,446,29945,44387,5560,27600,9551,3874,3554,56922,191,1749219,45846,15816,4828,80559,19246,3406,9836,6198,424038,1408,10565,79642,701388,82390,3858,10193,22357,752,2334,1308,558,3556,127306,6203,5699,4233,1282,5376,641,5634,5222,34290,1383,492,546,8059,3813,5652,15656,8839,20466,135738,6688,14045,15966,356,2199,10371,3859,2639,2077,76335,5211,1158,6041,619,5860,354068,16813,3525,75,2043,2988727
2011-06,469357,4620,43207,52249,6710,125289,31207,39925,4697,24660,93249,2111,4018,111742,361693,17057,30178,81665,26528,75111,916,1355,6697,5716,12299,1168,12008,11441,693,49679,74985,5109,51711,13785,17464,4093,61127,179,1935698,48869,22228,6309,107323,51476,3855,14543,7204,603553,1369,10294,89275,966298,88955,3425,8585,17937,1282,2981,1553,736,3183,128637,6928,4994,4324,1387,6450,884,5921,4104,34992,2554,631,474,8261,3905,5309,13468,8603,26206,162328,6513,14079,16260,463,3625,9166,4555,2918,2263,81782,8501,835,11892,580,28009,423180,17588,3598,13,2499,3512503
2011-07,488829,8201,96920,104346,10853,149890,44164,86367,4394,23044,125375,4250,3766,159507,389403,23430,36344,87911,45138,88502,941,1350,8334,5815,10861,1008,18534,16626,779,82622,95964,6260,58638,22795,31165,6574,68748,470,2418118,58359,21241,7967,108471,60094,3827,14081,8963,606299,1844,12001,90239,993386,95182,2895,12664,21805,2548,6606,1803,721,4147,148371,14363,11766,5131,2460,16662,1044,8854,4544,64824,12658,2636,1943,9109,4527,5599,14741,7238,62193,187386,12598,15459,27631,2460,12980,18822,2373,3851,1202,109334,38850,978,24869,1305,11376,592118,24552,3988,10,4832,4250199
2011-08,631466,10502,94229,128703,4696,59121,42099,60572,4413,18740,175931,3975,3521,213054,446959,20467,53216,87796,43793,150441,2189,878,6379,5340,9128,3536,17443,11390,917,61811,100844,10537,43149,15536,27928,5537,89829,872,2666937,66066,19443,12753,131654,67732,3985,13391,9002,604946,1499,12842,83130,1026443,75776,2181,8092,21888,716,3051,1067,1762,32087,146620,4590,3547,3268,1482,3489,435,4295,136950,158056,1351,442,273,9945,2281,5372,16265,5977,30103,154926,11608,18304,25236,505,1618,16227,1358,1814,741,80448,7490,556,3987,553,8133,405513,17273,3182,283,3188,4427495
2011-09,669589,6703,67180,77564,6487,148665,40330,46573,4625,25582,123406,1933,3704,141721,426109,18225,41494,87215,29720,96790,1022,1240,6308,6737,10126,2859,15798,12723,1109,46902,86573,6215,62254,17715,22814,4796,62706,235,2431747,48323,17027,8099,133806,41439,4125,12258,7818,534258,1424,11532,80750,900859,96753,4602,12814,30657,1195,3725,2123,1537,4093,157499,7902,6378,3880,3286,10722,624,5723,3935,42450,3787,1639,402,8539,5303,5262,11754,6502,47322,254914,7198,18539,22711,1084,6407,22250,2696,2442,1533,107309,18125,1049,13926,797,7121,578611,23692,3724,16,3494,4142092
2011-10,725037,3368,45147,51749,4940,119448,25553,49028,5505,30797,116030,754,4826,185290,353662,11752,27704,74617,77208,69659,872,1354,5297,6995,10359,929,9511,12611,472,43805,36757,4286,27754,10749,6731,4717,64791,483,2230547,43518,10089,6593,110636,20846,4236,8004,7031,296794,1850,13729,58969,582295,109190,3685,12483,33920,1203,3801,1371,1008,3967,170628,9237,5180,3453,6767,7802,567,5866,4820,43692,1175,653,382,11605,4582,7268,14818,7156,35802,154476,3674,20970,14690,307,1995,11188,3217,2910,1956,92173,5257,1253,6416,595,7411,411929,20074,2967,23,2385,3464540
2011-11,386687,3440,32247,31029,3130,129174,8004,10080,760,6813,67278,490,4728,43558,77802,3694,17328,26854,14241,52621,199,1059,3360,1332,1532,877,5272,9144,459,14099,9681,2028,19223,7116,2592,4473,44841,159,1047404,42201,2579,5716,95165,11434,2836,4484,7136,62970,1315,10445,20137,266418,61353,1354,5725,12917,433,1902,460,406,2008,86558,4874,4579,2016,8031,7225,397,4618,3928,35668,2666,1053,378,7672,3752,4606,8798,6811,29970,119326,4676,17457,15576,779,3647,9480,2782,2196,2174,87920,11646,629,6893,510,5400,356797,7089,1008,15,1703,1802660
2011-12,142237,2875,13305,10989,2331,103322,3508,5461,322,2511,36415,417,2475,24976,31854,1400,13959,9575,7524,22975,77,1022,3250,966,993,227,2349,8537,185,4788,4958,1467,16142,6135,1082,1589,49877,399,542474,39216,1769,5843,104903,9993,2630,4932,6798,40664,1180,12333,16625,246886,22853,433,2759,4086,237,632,176,256,957,32389,6406,3674,1544,12729,4956,511,6654,3615,40089,2745,614,424,7287,2692,1896,7743,4402,24696,95963,3465,11459,13151,410,1314,5969,4439,1938,4639,59999,3323,394,3806,448,3567,266783,3898,667,22,1301,1134509
2012-01,153796,2527,17971,12952,2634,87095,2001,4814,392,2570,27929,487,2621,29270,29257,1524,9207,9694,8991,28318,109,1085,3643,898,1022,219,2809,8950,334,4358,4633,1339,14659,6616,1044,1019,41491,89,528367,36877,1850,2615,85484,8203,2276,3859,4319,58601,1037,9092,17166,231379,24062,897,4025,4191,320,557,274,280,1061,35667,6561,4219,1545,15354,4368,305,5866,2668,40886,2548,431,230,7038,3153,1989,12420,3671,25973,86734,3868,10879,11836,440,1675,6513,2112,1742,1475,53385,7059,420,3857,498,4598,254544,4451,618,7,1335,1097254
2012-02,132771,2151,16449,11003,1842,59256,2959,8035,329,2984,32822,394,2047,23053,30280,1453,8159,8984,9700,16417,111,790,2571,1018,1030,413,2629,5981,162,6244,5655,1674,13322,5077,1386,1547,31263,87,452048,30668,2519,3392,64298,11031,3205,3784,6684,49413,1776,9387,17840,203997,18022,762,3352,3414,202,460,469,206,825,27712,3777,4933,977,14200,6595,276,4146,3374,38278,1233,745,234,5492,2222,2392,11191,3192,20971,61705,2651,12936,17076,1289,4428,5390,2317,1505,921,36437,3611,344,3463,533,3883,206161,2725,453,33,1096,932503
2012-03,215385,3615,19820,14624,3325,100297,4003,9701,684,5359,47787,1585,3899,32017,42924,2081,12486,14737,12330,28128,134,1133,3897,1331,1590,724,3992,10909,305,13446,7834,2119,20225,8060,2128,2219,48149,111,703093,42657,2954,4150,79259,11566,2901,4978,6652,57882,1518,11134,22703,248354,30818,818,3207,5845,294,771,307,370,1596,44026,7658,4468,1739,17684,6754,379,7109,4182,49973,2275,436,370,7025,4875,2834,11365,6189,28333,119165,3157,18916,13285,489,2028,7569,3287,1871,1427,40790,9207,735,4052,606,4118,294404,2882,579,34,1630,1344975
2012-04,337164,3823,28540,38534,4645,130319,6052,23963,1640,18725,93345,1772,5316,55147,118051,4528,32426,33307,29019,45799,316,1462,4881,2223,3901,963,5130,12044,305,20147,10349,4007,25407,10462,2824,2909,64623,239,1184307,38119,3774,4088,107243,11877,2939,5831,7001,88871,2142,11265,27368,310518,49543,1998,6460,9766,951,2012,541,788,2158,74217,8944,7909,2720,20163,8110,662,7373,4944,60825,6061,995,679,8647,5516,4212,14150,6654,27133,80308,8287,14966,15763,851,3967,11564,3499,2531,1483,46551,7467,1578,5954,771,5781,285368,10579,2099,28,2199,1930140
2012-05,415930,4058,35797,51362,5711,137961,10709,31269,5223,24360,108500,1153,3950,177525,236684,9983,23017,68436,32031,62655,362,1904,5253,5842,11413,884,5700,12149,513,33430,48698,4238,27350,10846,3582,4225,56241,214,1679158,43051,13931,5882,106123,25473,3489,10510,7935,404021,1793,10764,74245,707217,92016,3942,10506,23302,1099,3745,1906,1012,3012,140540,8148,6457,3856,15008,9035,791,7376,5108,55779,2469,958,511,10673,6148,6967,15629,10163,30822,80437,6268,18073,15536,679,4134,9812,4373,2480,2227,45347,8832,1001,8796,1058,7054,300447,18550,3150,6,2258,2907105
2012-06,515900,5561,46170,55757,7558,154140,35388,42204,4688,25422,80355,1967,4071,121743,343950,17067,29672,83247,28223,77751,1032,1377,8550,5915,10869,1350,9778,13786,523,51116,58293,5180,48669,16309,18052,3652,54266,171,1989722,50548,21720,5087,123289,60596,4056,14392,9088,587322,1848,10754,84566,973266,100365,3974,9665,19455,1674,3281,1672,1129,3842,145057,9520,6660,5121,15809,10135,1182,7886,6642,62955,3766,1212,733,10884,4791,6849,13516,11569,45954,114250,6904,18231,16670,918,6353,9813,4147,3402,2504,40228,25535,1005,14197,1307,9271,374009,23107,4068,10,2869,3575063
2012-07,570290,7833,83252,114609,9755,140559,45135,85827,3949,20695,115054,3359,3541,188016,367512,20050,32883,92492,53251,87533,910,1340,10377,4650,8905,1134,16733,16092,1055,91601,80673,5854,58451,25859,31661,4908,58615,475,2464888,64535,24430,8004,135282,73250,4084,15149,10279,624127,2369,12449,87405,1061363,105917,3545,11953,22809,2738,6648,2085,979,4147,160821,11933,8746,5890,21485,14148,1126,10329,6497,80154,7943,2409,794,11232,5445,7829,14924,8751,74351,124934,12284,17927,26593,2326,12883,19122,2397,3553,1301,9191,41450,906,18133,1484,10440,438602,25413,4046,11,4781,4240079
2012-08,719081,11129,95583,129950,6522,146421,41229,69084,3901,20083,203773,2917,3825,252657,416296,18407,47111,96192,45864,141710,1087,1380,8957,4634,8106,2974,15464,13376,1072,68121,86415,7715,55645,26384,30392,5005,79302,453,2888217,77690,25276,13004,154836,75510,4053,15180,10621,649253,2090,12954,92549,1133016,80481,2568,7656,21536,1100,2823,1001,1564,3203,121932,4962,6375,3786,13054,9789,539,4460,6137,49102,3426,994,588,10964,5349,6568,16405,7237,59731,163351,11758,21055,26419,1474,5624,23375,1815,2092,903,9618,15178,767,13558,751,6950,415950,18268,3401,2820,4183,4636889
2012-09,707945,7091,78822,91362,8240,156560,43995,51034,5205,29293,133783,3176,3732,157209,415635,19630,31274,97338,35759,90533,867,1720,8760,7519,10009,3441,14410,14956,1269,50978,78120,5363,57461,21537,25315,4181,63819,384,2537725,59739,22537,7311,176409,52898,4503,13882,11110,612895,2352,11798,93644,1069078,86658,4686,11567,25553,1667,3825,2010,1370,4165,141501,14836,9612,5510,27944,14234,578,9004,6748,88466,6532,1946,654,10847,4765,8511,11461,8261,67808,145606,8541,22111,22042,2520,12626,20008,2858,2787,1608,13506,17344,1011,10844,1313,8039,413549,24988,4513,19,4310,4284149
2012-10,739086,3964,41061,49173,5302,172204,23916,46177,7378,32516,77284,1157,6445,180557,335815,10847,22735,74709,76590,66741,797,1644,5899,7587,9312,1090,9314,12627,384,43951,37125,4857,27080,11828,6603,5159,63646,405,2222965,46898,13349,5953,110473,21052,4492,9050,9463,327380,2103,11347,63796,625356,97536,3352,10038,27628,1490,4181,1352,671,3671,149919,9511,6022,5006,20222,11198,732,6494,5692,64877,2472,897,691,13673,4733,8482,14728,10269,50333,76263,8954,19464,17137,758,4492,12682,4122,2665,1936,11861,18297,1594,10035,1001,8400,305939,21636,3575,12,3204,3397483
2012-11,370204,3919,27705,30139,3300,109059,5591,13200,1435,9019,76757,586,4819,44853,93785,3974,16577,28735,14834,40298,234,1475,3813,2501,2929,703,5813,10061,361,17835,9331,2539,22175,7898,2634,3695,53357,164,1046307,48696,3212,6135,121898,14815,3171,5381,10007,80735,1724,11402,28372,335548,64497,1384,6049,15472,604,2226,903,942,2341,94418,8519,5799,2434,17293,9233,521,6964,5627,56390,2488,1230,875,8527,4016,5092,12061,7177,53501,66896,6709,16218,14516,1291,3983,9279,4217,2424,1992,12953,14143,1380,4799,1059,6805,263631,8472,1102,17,1778,1807663
2012-12,148108,3701,12856,13342,2810,104590,2676,6159,595,4464,31827,427,2684,25657,39522,1933,12624,11696,8545,24569,95,1196,3679,1311,1046,239,2636,7964,281,6380,5126,1665,16692,6885,1248,1366,52053,90,568737,46035,2098,5245,129377,12163,2779,6005,9234,45228,1901,11193,22769,294027,28006,592,3852,5078,550,1045,269,322,1352,41066,7113,4539,2148,17630,7249,482,8500,5821,53482,5939,1102,567,8667,3236,3137,10124,6057,36591,64161,4456,11750,14105,743,2566,7344,5945,2339,4385,13861,6663,964,3865,852,5543,224962,4508,667,25,1687,1189161
2013-01,142837,2837,16086,12842,3447,95078,2303,5547,576,3024,30043,428,3606,28205,33531,1915,9259,10358,9970,35493,77,1637,3973,1155,1304,272,2266,8135,197,5210,6830,1815,15838,8446,1151,1086,41709,111,548597,39840,2462,2893,95227,9338,2293,4226,5433,69877,1369,8552,22470,263980,29649,1641,5851,5469,676,790,344,351,1292,46063,7367,5529,2102,18650,8766,443,6912,4575,54344,4409,917,676,6020,5030,2420,16572,4562,35339,61280,5986,13343,12108,850,3401,8366,2458,1969,1014,16320,12962,1143,3574,933,4792,226444,5335,739,19,1615,1147136
2013-02,130989,2901,16224,15301,2488,87213,2955,8943,660,4605,26770,477,3100,27489,33810,2061,8403,9790,10472,21676,437,1082,3751,1180,1238,220,2903,7166,205,10346,7547,1811,16770,7175,1664,1641,37739,94,519296,37299,3010,4020,105299,11980,3947,4488,8607,62033,2112,9496,22859,275150,23448,1679,4437,4929,386,566,746,209,962,37362,4739,4758,1255,17323,7973,373,4578,4372,45371,1958,1617,551,9668,2847,2439,12770,4038,34136,71814,4766,15262,17572,2767,6763,6364,4788,1487,998,15517,5997,695,3358,830,6357,235359,3047,479,15,1346,1117425
2013-03,248775,4554,25743,19291,4727,110018,4784,18786,1710,9116,44554,1670,5310,34079,51782,2815,15774,21388,14048,33464,916,1376,4639,1995,1974,438,4358,10334,384,21547,8672,2581,20573,9410,2038,2716,65068,148,831555,46794,3406,3879,116986,12481,3834,4872,9765,69958,1926,10216,28600,312717,37122,2479,5248,7690,923,1805,474,396,1652,57789,8164,5707,2277,18441,9583,528,8381,5877,58958,2069,811,448,7756,5225,3619,13424,7510,43720,109684,8010,19177,14246,883,5051,8896,4254,2270,1594,18767,17691,1684,5077,1247,6825,309938,3502,650,24,2225,1577358
2013-04,360288,4316,29303,49308,5436,128961,7119,23380,2853,21926,90908,573,4982,59394,111970,5592,26569,33781,34419,67103,401,1929,6017,3594,5213,728,5459,11630,493,19236,10912,4514,28039,10636,2811,3617,57611,247,1241268,40644,4414,4021,131160,13326,4140,5810,8354,103747,2177,10759,34000,362552,53007,3928,8645,11579,1336,2303,728,844,2576,84946,11974,9515,3449,21060,10136,719,7720,6578,71151,11107,1596,587,11374,7355,5750,16896,8345,42535,87165,11544,14901,15632,1237,7250,12629,4921,2731,1800,21141,13930,3463,6846,1261,7943,319939,10898,2233,52,3066,2096105
2013-05,500220,3793,37781,58236,6777,152362,9497,33633,6625,26756,128726,597,3583,214187,245467,10615,30331,79257,36709,70603,343,2003,6176,7755,13833,3839,6641,13188,571,36141,44162,5251,33734,15388,3709,4057,67076,284,1919906,46930,20500,5823,156186,30577,5554,11302,9927,523998,2060,11623,91654,916134,84635,6094,14850,21708,2126,3237,1976,1362,3956,139944,9846,7376,5130,19072,11379,826,8427,7151,69207,3171,1557,833,13287,6424,5578,17805,12303,42989,89235,12281,19723,15819,949,7669,13370,6311,3391,2086,18516,15713,3074,8986,1318,9701,332089,19254,3181,10,3065,3402790
2013-06,474623,5064,54395,59973,8933,156942,35088,43898,5761,28683,94901,852,3194,124532,343401,18538,27517,97986,32390,74122,456,1595,9069,7516,12545,1281,9664,12481,440,55051,52008,4673,45043,17847,17927,2800,49952,273,1991414,55215,32613,5076,164828,73545,6153,14885,11087,673682,2323,12431,99299,1151137,92415,6724,12936,23261,2857,3743,1831,906,4150,148823,11331,6932,5708,22487,11381,1058,7765,8593,75255,2744,815,1138,13814,5135,5182,15532,12363,61091,102052,12906,16485,16881,1059,6043,8871,6419,4075,3055,20313,31012,1745,12817,1783,11470,374800,24719,4166,33,3549,3773896
2013-07,500243,8229,68729,107127,8710,135425,43346,81597,5205,24203,98125,3079,2896,163409,361643,18423,30103,107854,52090,85246,406,1694,10219,5136,9606,1052,15132,13256,779,95306,77414,4433,54397,25045,32638,5448,54254,487,2312384,68044,36477,8810,177040,79270,5707,15458,11941,676387,2662,13983,101446,1197225,101973,4930,14267,22664,3538,8034,2383,838,4511,163138,6815,4306,6040,18342,7193,724,6670,7442,57532,1954,779,896,12478,3784,5979,13977,7778,69577,102158,19052,11966,25354,739,4633,15108,2706,2997,1301,17501,24950,1547,8762,1118,10627,367721,27206,4252,26,3808,4133292
2013-08,736601,10690,115918,141892,9846,160644,39593,66475,5489,22749,215180,2977,3619,257132,438652,18815,50113,110060,47780,113470,372,1547,10308,5774,9806,2515,15179,15842,1135,71634,81846,6937,52424,27115,30876,3773,73994,453,2979225,88658,35684,13610,209629,83643,6058,15350,13680,732823,2471,14867,106582,1323055,88635,3791,10037,25782,1894,4789,1454,1975,4050,142407,11618,10398,4054,23228,8512,757,6888,7701,73156,7613,2234,12,12408,5054,6965,16733,7092,105751,145707,30869,15022,28156,3410,14098,25451,2576,3170,1260,22084,39847,1181,18937,1594,9053,526277,26239,4558,48,4724,5079689
2013-09,709184,7649,71477,91829,8909,154429,39540,48541,5857,29686,126407,1160,3333,152082,417426,16988,33105,97996,38274,83530,513,1426,9263,7724,13290,3237,14453,15363,1236,43776,78871,5073,59393,21230,23646,3637,60563,316,2500412,63021,34296,7229,197813,57293,6361,14222,12570,727009,2772,13563,107431,1243580,95150,5673,14373,28161,2436,3543,3325,1734,4497,158892,16244,8468,6585,34447,8035,889,9289,7888,91845,5237,1576,830,12139,4446,6739,18290,7569,86555,151897,21967,14501,22582,2644,15077,16889,3507,3441,1753,24009,21639,1265,10508,2047,9852,466959,32713,4985,153,4237,4503776
2013-10,749026,4638,42292,53257,5608,176157,23303,46705,10029,36863,94611,1147,4733,180350,350159,10322,29968,78117,80112,73695,699,1518,5990,9229,15622,979,10946,13740,481,35592,42281,4278,28418,12038,6153,3999,72894,464,2316413,47992,19997,6635,143852,23678,6749,8764,10293,484079,2036,12673,79768,846516,97015,6033,13584,28197,3098,4154,1782,1609,4704,160176,8681,6030,4020,24766,8024,701,6042,6280,64544,4695,1517,996,14150,4460,7223,16617,9815,82648,104177,19214,13805,19992,2154,9251,11129,4164,3159,1883,22878,27950,2045,12339,1818,9703,407782,24151,3495,23,3613,3826713
2013-11,352086,4583,24614,32113,4060,115293,6959,16927,2770,7959,64620,618,3595,50363,93603,4002,14945,32561,16591,47843,158,1603,4810,2634,4462,837,6216,9766,510,11710,10531,2644,23646,9187,2892,3247,58071,143,1049172,48944,3902,5419,131127,14955,6273,5352,11453,95426,2469,12938,33779,372037,57185,2353,6096,15114,1293,1944,583,612,2320,87500,11009,6228,2258,24009,8211,701,8281,8027,68724,1985,1416,727,11486,3870,4742,14480,6837,58672,88716,9137,10610,14413,741,4919,9944,5121,2671,1791,18438,10112,1442,6450,1205,8430,298355,8661,1151,24,1984,1887608
2013-12,143327,4921,12662,13588,3530,110374,2941,9201,979,3994,32405,555,2129,30052,36572,2396,13584,14832,8393,27733,140,1429,4515,1321,1534,224,3739,9625,303,6864,5258,1765,18492,8196,1794,1526,60108,90,601091,41155,2295,5173,126337,12762,4957,6023,10576,50201,2089,12724,26579,300871,31243,1292,3424,6275,968,1481,269,379,1494,46825,8890,4616,1966,21026,6093,635,9030,7079,59335,5527,1344,1231,10872,3369,2794,12645,6463,48591,75230,8909,8875,13283,1080,3627,6733,7405,2935,3729,18562,9800,1137,4615,1310,6101,266167,4910,780,19,1688,1281686
2014-01,143863,3776,17563,13203,3896,97687,2267,5578,800,3083,31309,429,2991,28714,32940,1883,10163,11954,10303,32037,83,1677,4671,1223,1431,270,3131,8765,406,4998,5651,1784,16174,8436,1374,1402,53305,183,569403,38190,2494,3316,93986,10490,4155,4099,6796,76711,1901,8486,25658,276282,28314,2336,4290,5760,1121,900,399,344,1373,44837,8819,5706,1634,27396,5415,507,7758,4728,61963,3581,1166,2047,8485,5346,2508,20309,4763,49020,78366,8618,10789,11748,1031,4487,7740,3493,2733,1008,17749,18193,1343,4344,1086,5479,275432,5713,783,6,2033,1236452
2014-02,115241,3874,15657,12157,3205,89759,3344,12724,716,3799,32592,441,2754,27014,39709,2324,9620,14889,10587,22629,111,1302,4300,1386,1341,337,3598,8756,397,6398,7368,1820,18933,7958,2068,2228,46770,105,538211,37039,3145,3762,97523,12874,6168,4525,10309,59809,2666,10263,26019,274102,22032,2115,2909,4544,637,682,809,326,1320,35374,6397,4812,1276,20592,7012,404,5407,5808,51708,1694,2659,917,12398,3514,2771,18817,5258,49317,113110,7261,11761,18408,3718,10698,7347,5295,2441,1390,18894,10077,989,4580,1354,6796,321464,3205,451,109,1558,1226182
2014-03,212463,5311,17555,20380,5520,118428,4979,19185,1757,7543,46467,1886,3756,39746,49192,2736,14992,22475,14313,32762,514,1735,5263,2296,2309,499,5207,11914,582,10207,8003,2423,22382,10798,2309,2640,71812,136,802475,49178,3273,4220,119378,12581,5423,4999,11131,74736,2553,12653,28085,328210,35265,2215,4305,7224,782,1393,512,324,1836,53856,10901,6326,1656,21771,8300,542,9910,6998,66404,1700,1238,883,11076,4464,3388,19399,7282,60423,183066,9723,15376,14000,941,5419,10177,5139,2898,1511,21281,23984,1832,6054,1735,7718,420707,3644,608,29,1957,1677890
2014-04,375547,5007,29842,50614,6085,143737,5321,27633,5162,18222,79228,673,4508,66651,125955,5271,23553,40808,31857,55637,425,1978,5896,3930,7062,1717,7267,11938,434,16728,12059,3925,28254,12302,2782,3386,78667,188,1300249,39819,4331,4025,132714,12854,5230,5849,9512,106318,2630,12125,32475,367882,49884,3390,6895,10329,1655,2997,799,511,2671,79131,14606,7754,3219,23086,8908,736,8359,7958,74626,9475,1925,766,16873,5567,5389,20645,10382,51624,125835,29232,11909,16488,2753,8429,12001,5928,3984,1952,21964,17772,3971,7991,2080,9264,404199,12214,2376,17,4018,2244712
2014-05,437406,4938,37298,53057,6857,172145,11351,36150,7584,29170,123774,632,3583,203029,269306,10534,19600,73721,35016,65728,335,1808,7283,8513,18702,855,7949,13243,444,29900,52673,5036,35478,12750,4840,4261,64824,249,1870022,45987,22539,5568,166226,30038,7343,11041,11393,597716,3170,14147,79287,994455,86626,5848,10493,21263,1959,3887,2280,627,4160,137143,13780,8570,5160,23224,9148,908,9179,8507,78476,2655,1958,798,20102,6472,5775,22211,14521,72254,107028,15984,15266,17367,1300,10579,11038,8010,4550,3401,22453,20842,2866,10805,2207,12942,413384,20053,3189,27,3920,3520669
2014-06,564031,6944,53694,57763,10350,169671,33860,41949,5790,28696,94071,812,3833,123152,351786,15443,30317,88285,35717,65271,1704,1922,10654,7367,15100,1871,12152,16133,493,44415,68049,6207,51114,20846,18172,3431,69712,227,2131004,57793,35939,5449,159479,75687,8345,17678,13116,776649,3049,15783,81703,1250670,106369,4468,8186,20299,2997,4803,2253,933,4350,154658,16205,8061,5318,27358,10651,1411,10236,11224,90464,3449,1443,1202,19276,4711,6291,20711,14824,83068,132002,23739,15122,18979,1679,12448,12190,8105,7440,3779,26347,44525,2241,16981,2822,15544,498918,26271,4658,52,4240,4160935
2014-07,424758,8863,66775,107949,8162,164351,48751,77671,5464,26759,96421,2618,3098,134926,366868,16358,37272,95735,52105,81588,1953,1618,9818,5429,11370,1269,19240,12530,929,75416,103451,5645,60093,29515,33926,5699,73306,421,2278120,74385,48655,9176,173851,82784,6619,19273,11878,821774,2917,16381,102033,1369726,99177,4304,9125,21005,3458,8550,2232,705,5942,154498,4232,3150,5846,12311,5280,735,5046,9340,45940,758,737,873,17582,3964,7677,22683,11722,66908,151892,23893,14517,25172,560,4369,14884,2691,2926,1539,22678,13515,1662,5980,975,11322,431479,31771,5078,46,4260,4320918
2014-08,877404,12306,127377,158420,13968,154018,43165,68077,5106,24481,243014,4421,3736,291276,460142,16738,47954,104669,52669,115923,1588,1895,10708,5618,11609,2765,20025,19741,1107,57984,101929,8507,59053,30892,33009,4255,98183,567,3294299,105351,43554,11686,194113,91413,7385,19229,16565,815516,3471,20837,93388,1422508,91726,4524,9211,25545,2514,4814,1893,1021,4946,146194,25589,14798,4074,15322,13957,1128,11234,10344,96446,14203,4231,1220,18402,5322,10246,25321,10500,113235,192806,23263,17364,34073,7901,33585,31360,3273,6403,1548,38661,80286,1331,28045,3342,14824,720745,25391,4355,61,7413,5717412
2014-09,794282,9095,66313,89998,11056,171162,41384,44605,6767,27425,117293,2251,3637,142848,437346,15621,32106,85449,41809,82666,1404,1881,10804,7940,14546,3166,17175,18745,1023,34216,88254,6628,63177,24556,25947,3828,73886,251,2620540,65371,34522,6356,181731,58562,7333,18639,14146,677693,3358,17614,71890,1157215,91532,6166,14576,28474,2548,4690,2847,790,5709,157332,21793,10326,5546,22335,12523,1008,9184,9103,91818,4002,2437,913,18615,4600,8183,19510,11911,69720,199315,10461,19237,23550,4047,16536,20655,5179,4900,3385,39970,33664,2019,14006,2404,14642,553861,33762,5517,59,6177,4626281
2014-10,794644,5082,41666,50747,6495,176016,21685,50861,11557,38899,84210,911,6861,176000,351189,10802,24201,79432,88748,64285,526,1729,6925,10144,16734,1544,13133,14008,580,30235,45182,5288,29982,13010,6713,5468,78991,520,2365003,46233,18143,5535,150265,22593,7909,10991,11091,355546,2622,16062,55670,702660,101583,4977,11444,29097,2967,4910,2164,626,7301,165069,13797,6538,4321,21154,10467,985,6491,12689,76442,3901,2278,970,22171,5506,8411,24394,11850,75183,117732,21486,18413,17674,3438,14961,13340,5860,4491,2730,30483,50440,2985,17782,2810,15498,494787,25336,3766,100,7765,3840928
2014-11,361280,5355,21067,32972,4513,120876,6913,17334,2941,14033,57201,467,4647,44633,83638,4530,18001,36260,15580,47171,169,1712,5068,3411,4700,772,6781,9997,440,10538,10505,2919,23535,11057,3727,3334,62220,200,1060497,46771,4425,4245,130619,14426,6164,7172,10400,79913,2921,14603,31967,353626,45108,2667,5759,10707,1337,2762,852,385,2602,72179,13447,6708,2388,22340,8450,917,8779,8803,71832,1580,1797,875,15550,4304,4443,18908,8405,56023,89562,8750,11551,14794,939,6121,10854,5852,4145,2140,25572,16280,1641,7985,2298,9630,329999,8458,1409,109,3311,1901420
2014-12,150951,4998,13028,14989,3521,117654,3173,6977,1847,6500,33352,462,2318,30324,38558,2616,16033,14886,9241,32595,159,1292,5095,1521,1880,314,4228,10055,563,5521,6054,2447,18556,8514,1887,2010,56084,123,630326,44890,2624,3635,136249,12157,5519,7672,9650,40007,2255,15150,26760,306568,32853,1533,3948,7362,1085,1903,441,345,1909,51379,10485,5204,2285,22753,6415,787,8644,7608,64181,5242,2167,1325,14133,4467,3343,15399,7663,50050,90406,7292,10108,14398,1371,5575,7946,10953,3805,4668,25390,11962,1533,5963,1813,8478,315450,5080,847,24,2632,1376487
2015-01,170075,4655,20047,14759,4321,112647,2803,6884,964,3523,33470,438,2990,30663,34112,2315,13047,13553,11441,34507,123,1892,5337,1171,1821,258,4064,9527,505,5462,7523,2288,17809,8779,1795,1743,52706,140,640157,45439,2719,2099,103152,11442,5482,5752,7144,59586,1976,9470,25365,279626,31523,2582,6189,6924,1356,1347,685,373,1719,52698,9649,7265,2064,22650,6310,642,9043,5887,63510,6773,2448,1011,11126,7325,3612,25560,5808,54101,84219,8204,10972,13343,2327,17879,9385,4538,3960,1281,21753,23781,2381,5451,1819,7993,337050,5784,860,16,3208,1382909
2015-02,135609,3948,15261,13789,3440,96455,3666,11670,1044,5345,30631,480,2706,28709,41880,2993,11420,16894,11572,21903,123,1242,4247,1321,1866,346,3835,8441,466,7403,8044,2242,17829,8198,2093,2479,40633,90,570313,35286,2468,2570,103714,12573,5886,5602,9072,40555,2507,11490,23080,254803,24488,2865,3890,5953,642,938,1524,219,1733,42252,6984,6373,1616,19399,7063,502,6626,5992,54555,1846,4093,686,18615,3648,3548,21344,6144,46145,105743,5722,10282,18444,4186,8540,7376,5684,3291,1320,20489,14055,1080,5386,1836,9194,328697,3350,530,18,2426,1256944
2015-03,217235,5203,16808,17270,5466,119023,4701,16389,2484,9417,36004,569,3696,34866,56011,3537,16313,23201,13124,28032,201,1661,5515,2149,2771,389,5707,12551,600,9827,10432,2744,21883,9904,3105,2666,58978,107,780539,48072,3037,2965,119091,12775,5788,6680,10145,53162,2254,14032,25663,303664,39289,3558,4080,8536,1366,1827,912,326,2141,62035,12582,6854,2044,19201,7592,697,9738,7464,66172,1868,1630,880,15588,3891,4235,19067,8227,65442,193016,7347,8891,15253,1363,7322,9857,6195,4215,1487,22588,36066,2187,6922,1699,9390,454626,3891,644,18,2890,1674479
2015-04,382339,5233,26079,47862,5996,160092,5126,26953,6158,21777,54330,672,4075,51420,127976,5769,23656,42134,32005,36522,322,1831,6784,3053,6956,1243,7680,14528,572,16158,12778,4021,27050,11595,2819,3749,73150,189,1260652,38356,4196,2575,133456,12517,5880,7452,8575,78998,2041,13350,30620,338016,53986,4937,7236,12290,1786,3194,1238,495,3427,88589,16730,9064,3418,21512,8233,786,8273,7698,75714,9733,2549,881,23562,6132,6222,20789,10228,60587,138840,21985,6026,17025,4947,11224,15287,6615,4633,2081,23693,27120,4290,9269,1596,12673,447987,40600,4729,22,4170,2260479
2015-05,512614,5854,35772,49431,7800,187162,11241,36958,8823,30914,96601,659,3863,199283,251385,9612,21441,76249,37613,45715,431,1821,8134,8568,16700,1581,8761,16512,545,27712,44670,6027,33572,12615,4804,3531,68717,213,1893904,42280,20204,3720,166970,27966,7218,13353,10039,410558,2927,14054,68255,787544,78830,9774,10268,20829,2626,3734,3332,504,4951,134848,15984,9558,5591,22819,9128,1400,10159,9177,83816,2869,2732,1269,31302,5643,8489,22766,15905,70773,123513,14729,10888,19268,2118,13835,12316,7284,5043,2871,25391,32671,3103,12829,1580,15096,464283,20659,3609,44,4473,3393180
2015-06,582353,7458,43875,52464,10023,180170,34199,39691,7001,27680,64708,960,4049,112445,348759,15218,24679,80950,32257,56641,2205,1702,12463,8102,15610,1009,16170,14626,780,34471,75111,6744,55936,18532,20386,3814,66454,218,2079913,54396,36120,4043,178015,75244,8360,21203,12358,606242,2827,14535,85663,1099006,110586,10773,9955,19417,4197,5746,3388,904,6472,171438,11176,7511,6088,25939,8148,1454,9069,10494,79879,2042,1032,1139,37774,4347,8913,18961,17101,79798,146445,13534,9295,18477,1334,13836,11774,7479,6613,3551,29610,46385,2710,14755,1814,14934,513653,29859,4860,26,5165,3983799
2015-07,526092,9242,67434,102794,9493,177264,48275,85854,6402,22763,79472,2683,3083,142221,363642,14899,29343,92676,57790,59625,1695,1663,11848,5455,13295,1127,27780,15974,1390,64045,114241,5504,67343,28620,41393,5081,54914,509,2362924,75613,44108,6585,177170,89684,7073,21458,13041,695090,2651,17415,101186,1251074,102722,7869,11986,21000,4506,10647,3157,875,6727,169489,5381,5649,7105,24330,6653,836,5279,9109,64342,2880,1298,1188,38546,5256,8593,21221,12314,107956,204453,29150,9208,26606,2322,10959,23328,3195,4925,1683,30554,34039,1803,19735,1100,13956,616268,29606,5582,32,6117,4505434
2015-08,945902,13577,124095,155480,15317,166321,40313,64336,6184,21012,225089,2523,3514,295592,460549,16799,37602,95599,52909,82390,1508,1936,13163,6926,13340,2635,25181,21667,1260,47869,106067,9979,65734,30475,38173,4378,79934,591,3295919,96820,39490,8517,201052,99676,8539,22372,18720,686530,3988,22957,107480,1316141,98976,7713,7898,25085,2434,4473,2515,830,6335,156259,31925,15471,4762,36082,10573,1193,11190,10842,122038,11727,5537,1020,38749,4231,9877,21454,12784,132477,178518,40019,9905,33315,8663,37632,35828,3677,8362,1835,51364,110172,1504,31350,3036,19148,812184,27281,4743,32,9948,5744545
2015-09,812572,8528,67575,78525,8773,201206,36278,45607,6798,24194,86581,2287,2869,122970,406117,13945,20342,79323,37667,52760,1388,1636,11325,9212,15862,2670,18183,17804,1342,27704,76571,5758,63313,20442,26839,3594,67371,311,2486242,51455,29340,4428,223956,47740,7786,19084,13115,548649,2732,17324,99727,1065336,98100,11273,10651,28835,2528,5601,3763,715,7014,168480,18863,9220,4994,32476,10076,1118,8121,9143,94011,3248,3156,924,25952,4358,10006,16302,13002,114749,172502,35583,11214,23769,4013,27767,26443,4677,6092,2025,50531,54936,1616,23953,2398,14050,653266,31365,5562,55,7244,4511561
2015-10,815406,5728,37365,44935,7211,166223,17097,56622,12861,35351,74840,797,3639,144684,321037,10096,19451,70263,75296,44588,1298,1488,8858,10170,18555,845,13412,16084,694,27582,30306,5765,31280,13669,5629,4655,75201,444,2229425,37571,16402,4070,176299,15609,9232,11398,9875,347888,2365,16532,75868,723109,94943,10239,7830,25204,2675,4839,2507,536,6489,155262,16183,7905,5439,9269,9648,905,8410,9473,67232,2375,2732,1206,38171,4961,10459,19177,12716,88110,118514,24391,8617,17149,2035,11367,14344,5235,6586,2452,41495,37627,1758,15059,2596,14770,503902,22748,4130,35,5699,3711542
2015-11,345744,5550,18813,27020,4428,129671,5754,13560,3297,8369,40913,559,2852,44251,72347,3867,12025,24630,12986,34416,176,1831,5743,2865,4322,563,6287,10220,615,9787,9716,3536,22469,9903,3010,2949,59632,105,964781,36729,4194,3321,156117,9723,6241,7138,7613,100099,1989,13061,34646,380871,44448,7827,4216,9313,1182,2471,936,395,3228,74016,12296,6631,2204,4715,7389,966,8981,8688,51870,1476,2018,924,17564,3545,5072,13866,10055,61084,96680,11603,6779,14921,1020,7199,12473,5698,4909,1898,29325,20237,918,8470,1601,11234,350569,7346,1053,28,3213,1833747
2015-12,147124,4795,13184,14730,4181,129943,3235,6760,1332,4825,29414,419,1636,31433,36238,2362,9418,11492,8847,20801,118,1373,5170,1412,1866,210,3645,10082,474,4993,5225,2116,18672,8566,1593,1353,57735,112,606884,34261,2254,3089,156654,8097,5576,7424,7326,25073,1463,12364,27709,291290,30118,3851,2483,6291,939,1062,361,284,1947,47336,11044,5823,2267,5419,7129,731,7797,7994,48204,5514,3420,987,13726,3465,4217,11519,7444,52532,100106,11820,5241,14635,1645,6673,9402,9679,4211,4087,28672,14127,811,7283,1330,9555,332101,4141,709,34,2842,1333541
2016-01,172068,4890,20734,14713,4059,107803,2893,7088,1239,2932,31343,488,1780,31138,35111,2147,8392,11702,11382,20564,139,1558,6156,1164,1748,256,3577,9606,447,5215,5312,1805,16336,6975,1635,1318,45153,159,601025,33527,2210,1903,109385,7333,5607,6159,4770,26368,1175,11028,29823,239288,31814,3647,3020,6774,1053,1032,420,352,1807,49919,10587,7107,2392,6630,7858,624,8843,6311,50352,5510,3963,1532,11512,5581,3998,14260,5945,46164,96264,14197,4400,13690,2860,18384,11084,4018,4612,1493,26994,30831,907,8154,1606,9084,347043,5034,740,27,3298,1296726
2016-02,123065,4190,13540,12371,3801,107102,3021,10237,1217,3263,29114,512,1879,28589,35019,2114,7102,10050,10379,15336,136,1240,5167,1098,1826,226,3319,8980,344,5549,5983,1719,18312,8178,2045,1894,32192,63,520172,28315,2191,2589,148356,7454,5386,6258,6519,18637,1312,11240,27176,265433,22210,3719,2208,6197,447,576,926,200,1637,38120,7602,6696,1251,5839,7607,582,7343,6011,42931,1546,5446,592,12166,3051,3447,11511,4835,40301,121866,9360,3794,19201,4501,7703,9673,5000,2795,970,14955,12515,526,7027,1092,8207,312080,2771,408,34,1881,1183830
2016-03,196184,5117,15719,13532,4922,129721,4080,17723,2026,5325,28819,540,2307,32256,54666,2591,9907,13967,10975,17673,174,1476,5865,1426,2690,194,4293,10702,508,9626,6288,2236,19580,8380,1751,1904,49858,70,695071,39845,2413,2572,162605,8150,5975,6757,7526,22768,1834,11900,32530,304875,35511,5913,2343,6431,931,1358,565,279,2178,55509,13804,6318,1932,5238,7619,654,9682,6533,51780,1723,2101,587,12944,3204,4092,8834,6583,19519,221614,14652,4689,15235,1101,6916,13000,5489,4225,1534,13748,34940,807,8983,1570,12641,420731,3212,635,22,2155,1533990
2016-04,242933,5191,13252,28421,4628,149961,3368,19132,3321,13923,41405,544,1835,46033,98993,3000,8155,20740,16304,17344,188,1460,6365,2020,7692,394,3731,11661,411,9414,6333,2043,22199,8843,1773,1402,52969,86,877467,34588,2937,2272,182423,8596,6181,7819,7199,27334,1824,11579,38516,331268,35363,6953,2703,7531,940,1459,590,338,2337,58214,17561,7665,2244,5506,7835,854,8148,7449,57262,7714,3132,682,11544,5987,6002,8794,7687,16826,120527,22890,3436,15046,4054,11238,11104,5233,3795,1548,13008,23850,1259,11274,1732,13600,331962,6916,1336,46,2942,1667413
2016-05,392507,5297,21543,31449,5898,165454,4520,33270,6339,19507,44402,650,2072,135719,174457,5942,9475,37883,22984,19270,250,1683,8910,4971,16930,709,4313,13969,426,15968,20960,2707,29306,10215,2777,1660,55973,140,1330505,41841,7723,2881,208092,12852,7664,11049,8648,37585,1920,13700,98069,452024,56868,8356,4741,14387,2105,2632,1793,512,4137,95531,17881,8228,3059,6407,8628,1212,10781,8981,65177,2841,3403,903,14062,4624,5060,8923,10414,19684,122153,19383,4312,18296,1884,15483,15239,4635,5168,1633,13674,38654,1182,18269,1947,15236,367062,13367,1916,178,3271,2329031
2016-06,324125,8001,19760,27670,6023,148420,11424,34112,4285,16990,32252,732,1966,73088,233350,7230,10240,41194,15951,21352,783,1612,12718,4458,16271,361,7202,11479,481,17072,30999,2935,44095,10191,6392,1487,51264,101,1258066,50319,14703,3428,196435,31553,7610,18263,9724,42805,2055,12645,144076,533616,70207,8013,4805,12353,3217,3172,1801,479,3931,107978,8454,4761,3219,7051,6345,1031,7056,9148,47065,808,864,857,19471,3186,4817,11269,11259,23347,157069,12609,4580,18054,761,7222,9590,3964,4851,1721,13250,27552,1334,9805,1466,16401,366107,15757,2695,47,2796,2334127
2016-07,380713,10170,37632,64431,7981,171957,16543,75900,3705,13803,45929,1462,1647,85080,233859,7922,9703,48778,26372,16496,801,1156,12619,3467,12666,353,9932,14204,540,31612,36784,2423,57911,10316,13911,2035,43206,248,1514267,71289,19740,3370,199850,46569,6698,20328,10473,47057,2096,15004,177410,619884,48271,4739,4629,10900,2558,2802,1075,418,3677,79069,10919,5604,3805,6442,7500,1043,6815,7285,49413,3152,2818,763,12531,3305,4344,10292,5895,32997,152820,40814,3572,23413,2458,14212,23758,2375,6137,1136,13007,47209,1208,27881,1842,14571,452510,12304,2114,48,4300,2733909
2016-08,714393,14156,84899,112672,9191,138133,13863,52447,3078,12740,157045,2665,1587,234001,293703,7534,14589,55661,32248,25824,194,1341,13139,3336,11780,877,9264,17133,708,23414,33994,3447,48251,10974,12068,1752,55819,279,2228199,94858,20830,5156,216903,52489,8590,19848,13520,92483,2257,18369,174977,720280,44400,3850,4067,12620,1795,1431,761,563,2988,72475,26545,11301,2207,7684,8505,949,9323,7684,74198,3040,5162,569,10121,2116,5651,6969,4534,48451,107843,48843,3477,28283,5242,31797,31183,1668,5312,834,19036,108617,813,34070,2834,14031,530496,10062,1443,37,5787,3642977
2016-09,514876,9365,40720,46212,6222,182121,14056,31473,3311,11545,56746,1223,1522,95779,270684,6596,8399,32196,17718,17895,186,1273,10723,4220,14533,735,8133,15379,730,13657,28103,2365,44711,10580,11873,1493,52109,104,1589566,59636,19766,3767,240306,30613,7497,17081,9769,155701,2059,13445,155173,714813,40474,5443,4002,11616,2080,2507,1134,610,3849,71715,14851,7239,2760,7540,8863,857,6864,7439,56413,3311,4366,598,10572,2716,6426,7021,5532,57152,189988,52590,3765,22711,5321,37352,26535,2697,4240,1029,23875,113016,999,37785,4259,13073,636929,12330,1913,40,5904,3089623
2016-10,575526,5571,22282,28821,6635,148527,8818,38278,5582,16262,40267,610,1932,101605,219207,5443,8248,28144,39541,16830,254,1552,8807,6276,18094,359,5427,14369,503,15415,19666,2342,23247,11163,4180,1573,60320,193,1511869,44898,14935,3927,182425,14040,8066,11055,9243,263887,2474,13522,101759,670231,39803,5399,4618,11015,2105,2070,799,567,4013,70389,18604,7197,2859,6695,8392,896,9281,7988,61912,2061,3171,612,15562,3931,6982,6737,5896,47879,142227,29669,3298,17727,1449,11153,15134,2724,4786,978,14327,29845,1187,18683,2123,12966,401107,9906,1232,44,3959,2730649
2016-11,186698,5649,13380,23355,4186,120785,3212,7699,1004,3897,30282,517,1637,29162,43131,2340,6702,14192,8191,14437,102,1334,5896,1394,4195,309,3407,9851,378,6356,6960,1709,18619,8175,2073,1450,49381,85,642130,43871,3607,3655,174508,9585,6220,6977,8210,84340,1944,12680,34475,390072,23155,3744,2987,5797,1208,1210,370,290,2440,41201,15681,6709,1572,5321,6595,867,8130,8573,53448,1601,1786,640,14829,4512,4050,6117,5091,37785,111557,15416,2760,15796,1277,8814,14250,3052,4579,928,14543,48087,669,11703,2463,12292,344597,4111,514,24,2933,1479030
2016-12,105866,5082,10499,11525,3161,126661,2093,4916,677,2599,24378,450,1363,23193,28607,1559,7113,7957,6911,14221,108,1230,4564,1078,1565,149,2586,8960,416,4152,4287,1465,16777,7691,1190,1048,45608,57,491762,42657,2525,2954,171294,8798,5780,8382,8924,36749,1754,16601,29967,336385,21889,2780,2524,5375,1151,816,244,404,1886,37069,11309,6311,1887,4996,6503,771,8108,7681,47566,5324,5219,574,15817,5027,3730,7667,5005,35098,113077,13618,3413,15070,2096,9816,10656,8801,3750,2245,16294,18970,994,9142,1469,12353,325225,3149,511,25,2409,1244101
2017-01,121521,4851,16252,13937,3549,84465,1865,4491,1002,2247,24209,427,1212,27059,28397,1542,5586,9928,8657,13454,101,1190,5222,926,1465,174,2358,8141,339,4189,4226,1299,13732,6020,1302,1050,33390,104,459879,42265,2523,1785,138372,9035,6041,6250,7732,50258,1689,12464,30051,308465,22761,3193,2771,5351,1195,749,286,515,1778,38599,11637,6325,2299,6028,6491,709,9579,7148,50216,4342,5085,858,15200,9117,3645,9898,4691,39751,104514,14450,2778,12722,2733,14359,9604,3217,4784,917,16987,16108,1620,8887,1626,12978,320871,3480,506,28,2913,1184957
2017-02,80300,3988,10644,8680,3385,103238,2375,6624,637,1896,22264,546,1433,19522,27496,1407,4839,7343,6577,10059,134,1008,4492,843,1577,130,2189,8495,209,3611,4218,1086,15040,7117,1604,1434,34456,70,410966,37211,2676,2479,137743,9617,5905,6140,9327,36231,2145,12974,28492,290940,14207,2859,1959,3581,668,572,555,278,1592,26271,8882,5836,1127,5632,6173,470,5653,5257,39030,986,5288,562,13399,6726,2855,8530,3553,43707,128063,8537,2438,17458,3633,14323,7125,3706,2884,586,15691,26311,959,7963,1694,11568,338545,2290,350,18,2540,1110950
2017-03,120348,5752,10330,13565,4885,148100,2761,9158,850,2664,23470,481,1694,26659,36173,1616,6519,10002,7585,13176,116,1463,5887,1089,1807,148,2650,11688,332,5370,4829,1392,19243,9118,1556,1217,40132,71,553896,53118,3121,3225,172497,10966,6981,7553,10993,51140,2007,16168,36908,374677,20573,3449,2419,4755,971,1092,393,413,2196,36261,16920,6512,1543,6760,6733,767,8262,6289,53786,2346,3071,583,14513,7382,3616,8597,5151,51513,225440,13297,3233,15548,1346,11275,11421,4478,4415,944,16629,19000,1462,10437,1738,14849,452284,2295,379,17,2791,1476386
2017-04,235028,6217,15022,26935,5825,152348,2901,14265,3009,6598,38246,574,1737,41851,99216,2754,8766,15731,16047,14142,176,1538,7214,1877,8085,374,3380,12662,276,7018,6786,1810,22074,9639,1968,1103,49899,116,843207,46177,4204,2801,178086,11248,6137,8286,10592,101182,1946,14935,41300,426894,26782,3079,2959,5405,1666,1566,584,438,3262,45741,20334,8926,3115,6310,8054,834,10304,7662,65539,8268,4576,576,17378,10970,4985,10193,5976,48671,155245,45811,2924,16753,5734,18551,15381,5687,4974,1085,17418,59798,2250,16556,2686,16294,498740,3943,929,23,4503,1889519
2017-05,276454,5913,16474,28098,7112,161682,4558,18862,6614,11544,39677,646,1768,80894,151506,4269,7893,22814,15329,14908,215,1742,8917,5546,19329,330,3742,14784,381,7637,29122,2076,26121,11045,2733,1571,48557,124,1060987,52403,18162,4113,208686,24475,9198,12450,12712,503156,2484,17454,136406,1001699,28654,3518,3913,6611,2328,1416,885,411,3283,51019,18909,9379,2590,8495,8118,1236,10680,8291,67698,3449,5178,781,17898,8515,5698,9253,7255,60619,149678,24947,3652,19183,2550,20854,16249,4921,6608,1314,18345,47853,2333,21719,2566,16556,477974,5402,911,39,4377,2670106
2017-06,316173,9334,13002,24880,6704,180970,16209,24672,5568,11911,28503,812,1926,52293,205708,5853,7598,27577,13915,16502,209,1551,13006,4860,18933,603,9035,11612,354,9643,37224,2230,52058,11308,10226,1431,48762,77,1203232,62771,37642,3804,218827,64385,8916,24768,13011,714215,2174,18523,200492,1369528,33103,4237,4919,5887,2945,1584,949,506,3713,57843,4454,4123,2539,6051,4911,788,4527,8879,36272,830,864,742,18583,2997,4508,10150,6635,48131,220321,20478,4430,16588,602,6086,10980,2360,4131,1229,13528,11476,2815,13681,997,14515,437657,6709,1196,27,2943,3115407
2017-07,405685,14226,32564,68306,14757,168697,26575,64239,5619,12540,52587,1980,2037,76133,231708,7563,10370,51608,26647,20539,272,1863,15988,4934,14281,533,14578,19963,782,23080,52591,2931,64244,17551,24592,2457,53494,223,1608737,92790,49192,5761,237882,87317,8700,27772,17357,831965,2753,22604,220731,1604824,46999,5408,5201,9296,2754,1858,1023,695,3932,77166,19227,11018,5139,8807,10324,1409,10259,9208,75391,5864,6263,1284,18852,4425,5442,11640,7776,116514,251950,54936,4747,30900,4436,33079,34795,2740,12012,1161,17588,98861,2424,47879,2891,23311,801770,11716,1591,49,6861,4188105
2017-08,718298,19445,83736,114177,14333,189118,24821,44486,6301,10719,162337,2251,2384,214885,288506,7600,13931,52722,34684,29400,290,1805,16038,5102,14114,895,14639,23451,778,20243,53585,3777,67731,20363,24525,2681,68895,342,2373388,118699,48371,7319,269925,86604,10187,27706,20024,843848,2953,26659,202612,1664907,49788,6009,4593,11659,1910,1734,884,769,4153,81499,37319,17976,3262,12565,10347,1322,13175,10105,106071,8812,9823,1099,22208,2681,6848,11197,7338,148588,292033,60852,4864,34151,9705,56163,45851,2208,10516,1043,26732,150576,1682,49574,2769,28291,995604,11195,1396,38,8760,5242858
2017-09,541646,12532,43892,56364,9920,179777,26520,31095,7001,12913,80975,826,2334,103480,272264,7300,10029,35291,20137,21508,271,1594,15131,7897,20329,884,12197,20122,803,11524,53781,2813,61902,18268,20916,6131,57325,119,1787811,73205,34859,4656,270208,51047,9944,22153,14602,768505,2660,13463,180804,1446106,40600,5994,6091,10163,3700,2456,1030,816,4487,75337,19024,11969,3964,9719,9810,1007,7936,9289,72718,4425,5252,969,22180,4829,7867,9916,7786,126193,336000,59454,5140,24708,7868,41347,34245,4413,7612,1335,22168,128496,2703,45104,3722,21361,935093,11999,1552,46,8683,4339345
2017-10,466756,7207,19424,31878,9540,182109,12012,38646,9093,16284,44942,713,2703,107760,228471,5571,10771,28953,41956,19120,417,2128,11611,10153,25779,290,7486,17946,365,13136,31462,2849,31420,14348,4533,2072,68247,194,1528345,55729,20520,4507,225068,19930,11812,12659,14341,619915,2762,19089,129887,1136219,27781,6181,6268,7894,4610,2582,1011,865,4791,61983,21968,10755,3792,10830,9131,1157,9387,9681,76701,2005,3931,1083,29254,5081,5912,12407,9656,67835,240094,38281,5227,20236,2473,13333,20789,5807,8348,1652,15230,37250,4550,25440,2468,22147,600489,10125,1235,35,6317,3421449
2017-11,204680,7254,14120,22740,5637,145037,3444,7505,1316,4399,35909,557,2258,30195,58482,2801,9659,17481,9400,16420,125,1995,6891,1897,6446,371,4862,10920,429,6522,9873,2409,24153,11252,2544,2477,56526,110,749096,55262,4361,4137,181837,12907,8238,7309,13637,121882,2312,15371,41591,468844,13924,2536,4121,6147,3653,2507,663,577,3482,37610,17161,9667,2018,8962,7665,1128,10116,10029,66746,2051,3016,1026,28306,9577,5542,9901,9661,60929,199128,17858,4969,17552,2696,11873,15693,6247,8948,1483,13180,33604,3094,14088,2236,22243,504901,4626,668,78,3927,1836496
2017-12,107247,6655,11830,13123,4161,155259,2440,5384,899,3534,27101,499,1954,26479,35443,1924,10663,10154,7535,17066,135,1625,5924,1273,1952,220,2759,11540,447,4758,7483,1965,24326,9889,1405,1526,62434,79,589090,54930,3147,3511,195891,12228,8162,8643,14711,57260,2622,19394,34779,415278,12863,1943,3978,6055,2864,1472,359,690,2732,32956,14368,8461,2824,8665,8487,1097,11239,9958,65099,5910,7196,1040,27276,10001,5480,9424,8930,58820,184304,19924,5000,17082,4345,12485,14655,15053,6740,4352,13082,23588,3362,13303,1943,20074,493369,4014,616,40,3487,1603949
2018-01,127573,6875,17819,15086,5385,128346,2106,5328,828,2551,31943,573,2513,29740,36771,1953,9719,11372,9590,16806,100,1669,6964,1215,1892,192,2728,13018,441,4160,7314,1645,20456,9380,1530,1477,53255,84,590397,49892,3147,2654,148067,11786,8257,6930,10939,80728,2533,12917,33934,371784,20464,3888,4081,6368,2833,1270,518,604,2611,42637,15627,9942,3184,10200,9632,866,9635,7784,66870,5216,7535,1083,25722,17140,6332,11245,8291,63330,159163,23550,4635,15362,7383,27445,15696,4717,7130,1339,14643,51511,3854,17141,2803,18681,520947,4396,666,15,4150,1601862
2018-02,94975,5070,12566,13181,4061,106769,2752,7739,919,2223,25961,586,2454,22900,37100,1981,8356,9089,9171,14617,74,1482,5714,1128,2076,183,2902,9520,386,4124,7747,1723,19334,10951,1798,2472,40704,84,494872,42838,3265,3163,154616,12564,6963,6523,12238,62970,2855,11678,32538,352211,17103,3851,3398,5039,1190,1200,941,433,2585,35740,13352,8773,1775,9348,8922,733,10134,7531,60568,1474,8065,1128,32714,11709,6219,9787,7170,64853,191289,14701,5066,22627,8899,13379,13117,6227,5700,1086,12007,20375,2502,14138,2088,17989,494309,2964,432,29,2883,1444008
2018-03,151823,8203,13807,13305,6790,144763,3513,10485,2004,3120,34554,556,2813,30784,45912,2886,10854,13437,9072,17722,268,1868,7468,1689,2507,192,3611,14368,642,7844,10147,2289,25178,12531,1907,2129,31518,83,652642,56916,3917,3453,165939,14930,7222,7750,14226,85145,2580,13231,43457,418766,25488,4548,3306,6678,3366,2243,654,480,3420,50183,22527,10249,2430,13846,9105,1083,11700,9286,80226,3046,4657,1337,29029,12733,7372,10850,9463,67075,318230,18850,6348,17927,3610,15237,16696,8164,7691,1890,12964,32668,4200,17473,2612,23715,653837,3047,523,21,3716,1862961
2018-04,267954,7856,17240,39889,9435,210941,4089,17931,5452,11533,50736,659,3901,50221,132492,3619,14414,23325,20705,21454,190,2161,8747,3183,17053,630,5266,17389,500,9129,13662,3155,33483,13785,2415,2872,42954,144,1090564,50974,5180,3076,169789,13841,7230,9153,13883,169550,2497,13097,51699,509969,32102,5400,5834,7534,4296,2540,833,649,4251,63439,27246,15345,4442,13372,11239,1287,12341,9812,95084,7135,6192,1491,34355,22012,7536,13908,13155,61022,189992,67746,5627,21345,6563,23422,25037,11077,9048,2113,13476,48575,7198,28216,3175,31223,660639,5670,1307,44,6292,2433008
2018-05,379319,7664,19462,32427,9961,192528,7007,27067,10377,17617,62997,628,3699,138584,222677,6199,13099,32714,23118,21462,241,2469,11307,9949,32818,943,6332,15763,535,12566,70731,3306,43595,15979,3971,3892,40393,157,1503553,61554,22208,3887,200875,26587,9969,14027,16127,714441,2703,13622,165818,1251818,35961,7955,8543,8323,5759,3121,1668,664,5451,77445,19359,11028,4042,13113,9432,1238,11161,10780,80153,1952,3669,1251,35844,7741,7682,13048,16266,58708,112253,19749,6517,18821,3276,14267,17623,6108,7892,1864,15307,42035,5615,22244,2798,29806,472336,6333,1332,49,5196,3398215
2018-06,383216,11992,20245,32928,9957,219363,35703,29461,6152,16669,38564,771,3417,77747,296861,8963,12144,44385,17876,22047,299,1829,16022,7841,29668,454,12470,16372,577,15011,95738,3227,89227,18706,19535,2818,41308,98,1659661,73573,45866,3784,178578,71468,9685,31308,17428,972985,3089,14859,234081,1656704,45363,7826,8289,8910,5947,4093,1506,809,7358,90101,8590,8809,4507,10036,9953,1219,7292,10169,60575,993,2124,1661,34327,6639,7606,13701,13961,76475,161292,27650,7318,16892,4534,12964,20541,4786,8423,2376,16006,37098,3901,31987,2179,25605,541039,8693,1752,75,5279,4023879
2018-07,507894,15150,42073,85632,19863,192579,50380,73358,7087,14882,60450,1571,3157,94425,308335,10473,15287,64251,32577,26259,469,1862,17260,7062,20887,526,23444,22663,967,31919,115721,3513,102192,31918,41395,4523,48627,321,2100952,99108,47146,5629,201943,84767,9459,30864,22916,947371,4327,18612,218372,1690514,57228,7983,7921,12183,4922,3573,1618,1002,6103,102533,27402,16673,7466,16540,13155,1612,12903,11121,106872,3971,7742,1492,31944,4377,8940,14068,15133,118712,164277,49341,6823,30162,11205,34302,41505,2823,17201,1376,19344,141491,3020,59568,3783,38011,830611,14288,2178,53,9185,4857186
2018-08,819544,20076,95844,132923,16554,215160,47919,55811,6166,13386,197484,2143,3651,252882,388807,10931,22835,66049,40185,44088,309,1959,17316,6979,19617,1465,24423,25450,1287,27122,121908,6048,98761,33742,40184,4345,77763,392,2961508,141940,44202,7928,199385,84632,9998,30997,26689,914725,4401,22516,183635,1671048,61493,6654,6901,15410,3809,2578,1390,1036,6068,105339,38480,24870,4522,19106,15679,2089,14987,11516,131249,10336,12440,1416,40058,3542,11134,15717,12542,167643,188041,75782,8156,34124,24477,72060,62873,3424,12468,1347,36780,179420,2760,81222,4679,42731,1105172,13527,2189,77,11569,6001678
2018-09,657311,15642,54730,68063,14806,300444,46909,39757,7551,17070,92911,931,3870,123659,350642,9953,18136,47119,27650,28882,296,2392,18797,9942,26610,1784,20845,27066,1072,15803,112007,4571,100927,28455,31724,3779,77433,193,2409732,93381,36814,5634,223383,49978,11988,26008,24297,912817,4218,17075,184597,1590190,51294,8090,9047,13620,6092,4494,2231,1150,6369,102387,33283,19535,6523,17660,15116,1299,12366,11556,117338,2963,7283,1432,34458,4776,9061,13506,11172,155252,179391,51138,8792,25258,5942,37121,42743,7126,9819,2101,23838,76502,3544,49933,3863,32587,799601,14748,2403,80,9391,5045870
2018-10,709025,9780,26071,35640,11961,268320,19124,42074,11318,20528,61628,874,5830,131238,322425,8319,19302,35310,59065,26399,400,2685,14877,13115,35174,548,11924,22418,644,19035,59891,4626,47580,21892,7168,4928,89837,337,2181310,64727,23606,5076,157791,23230,15380,14826,21361,788144,3588,17307,146514,1281550,43106,7161,8514,10695,8006,4599,1896,841,7256,92074,30479,16681,5955,20070,12371,1333,11223,12264,110376,1556,3634,1609,44831,7991,8144,15945,14537,118648,107966,39759,8855,19075,4115,16301,28505,8435,10707,3021,17775,44961,8565,35265,2786,32605,605591,12028,1796,72,7669,4292466
2018-11,252341,8539,18485,29181,6653,209121,5433,9466,2541,5577,47833,702,5150,37731,80732,3814,16946,22709,12302,23147,186,2019,8747,2148,8226,556,6323,12989,592,8563,17215,2983,33249,14941,3426,5050,70121,167,995904,62126,6051,4156,140776,15887,11309,7916,19979,207158,3398,17383,53124,549263,30831,3086,6686,7571,5132,4223,956,753,4904,64142,25911,15810,2655,16551,10676,1055,13041,12702,98401,1651,4831,1242,32532,9821,6837,14460,14089,88611,108716,25205,7434,16847,3527,16683,30137,11366,9332,3211,16535,27056,4583,24023,2481,33762,514972,5770,814,65,4731,2234062
2018-12,145198,9616,13864,16003,4425,190928,2863,6391,1275,3590,32929,611,2989,30558,39755,2190,15713,13218,9069,19319,106,1728,7106,1443,2330,208,3015,11695,543,5741,12023,2738,25136,10466,1879,2203,71226,90,720180,56801,3737,3761,144590,13314,8149,8821,19397,81816,3423,19079,39960,402848,29465,2192,5860,6858,4153,2412,423,727,3327,55417,20269,12309,4092,16672,10973,1033,13669,12400,91417,3333,8540,1264,24852,9581,7399,13130,11641,76479,101748,27950,6189,15895,6796,13563,21332,19972,8140,6470,16049,23812,4221,18768,2299,27232,476655,5026,751,63,4350,1756707
2019-01,159067,7358,19991,17241,5896,152203,2524,6233,1118,2970,37649,698,3773,32356,40345,2266,13889,13427,11261,22079,109,2133,7449,1344,2222,271,3592,13308,778,5054,12949,2187,26167,13194,1719,1970,52507,173,699470,52932,3470,2492,110394,14812,8794,7134,15191,114310,2786,16647,38917,387879,30504,3780,6822,7153,3547,2022,653,702,3514,58697,20795,14626,4011,23764,13249,1066,13250,9634,100395,5324,12990,1024,23968,16889,8595,15527,9459,83480,104735,34380,5840,13360,11799,32251,19985,6017,9376,1636,21279,46006,4045,23167,3275,30034,544441,5809,790,78,6576,1804135
2019-02,112049,6319,15465,13052,4749,139376,3167,10341,1138,2868,34992,626,2990,27827,42151,2208,11167,11077,10322,17424,104,1600,6656,11102,1417,258,3124,2286,531,6383,13982,2341,24466,12795,2015,2857,44463,118,605806,46626,3523,3025,119234,14606,8242,7094,16005,80827,3650,16784,37255,356871,21937,3758,5033,6057,1856,1603,1457,529,2916,45146,16473,11445,1923,19352,11679,844,10890,9634,82240,1358,8021,1074,33839,10575,7332,15713,10607,88862,107717,19880,7171,21849,5835,16983,18052,10464,6587,1630,15248,19368,2524,18317,2390,24915,476311,3413,551,64,4212,1574614
2019-03,179370,10607,15045,19503,9377,206525,4695,10534,1573,3859,40486,748,4544,36737,57423,2902,14926,15013,13006,22819,335,2208,8458,17807,1843,211,5079,3319,769,7601,13170,2943,31795,15345,2352,3341,74192,132,860592,61301,4476,3825,137383,17202,7926,8273,17500,123671,3534,17947,47009,450047,36618,4407,7209,8266,3907,3309,873,544,3842,68975,24347,14871,4278,20404,12159,1070,16426,11777,105332,1693,5193,1450,28897,11367,9836,15864,14844,89907,183597,26093,8190,15569,5439,17996,23622,10009,9872,2447,17568,27901,4403,20245,2861,32529,587392,3688,630,65,4910,2081631
2019-04,327728,9531,20836,43535,10974,261900,4485,20314,7689,10348,64096,1027,5969,69311,159547,5524,23141,23772,23648,30312,630,2506,9313,19485,4091,958,6264,23455,750,12596,21734,4459,37439,16917,3263,4351,72844,173,1364915,51643,5611,3575,141196,16469,7674,8353,16692,232488,2852,16977,56300,559830,42745,5987,6546,10126,5675,5275,1111,769,5228,83462,29872,23042,5411,18130,14509,1217,16202,13718,122101,7687,6797,1837,37162,18006,13094,16336,22935,84175,158585,61273,7310,18636,12964,24821,30843,16328,11282,2698,19946,39878,9123,34952,3029,39051,698748,7836,1673,48,6471,2845084
2019-05,366351,9270,20257,33855,9136,237000,12137,26085,12294,19556,59899,930,4570,139185,258365,9538,23142,37690,23098,28552,340,3017,11184,15920,13428,826,7243,43116,623,16068,100551,5060,62914,20294,5141,5055,73968,228,1715886,59015,25393,5442,162455,29031,9887,16297,21342,856511,2914,18649,182017,1388953,45148,8687,9768,11125,7433,5788,2327,751,6878,97905,14926,9526,5000,13580,10070,762,8937,13553,76354,542,2452,1332,43057,6017,11907,19271,25427,69681,129237,29844,10271,19949,2571,8170,19082,8200,7539,2657,39136,19718,7597,17203,2356,33878,537094,9173,1714,95,5066,3832240
2019-06,512455,11930,28907,40894,15613,273304,50171,32612,8071,16963,61844,1042,4724,96915,347003,12692,19832,58776,26176,28688,410,2159,19001,19855,11312,1459,17497,32004,573,21807,123757,4948,106129,26459,27492,4237,69733,558,2138002,76019,41471,4662,177658,68354,11415,31475,22200,1021201,3791,19705,231245,1709196,62241,7006,9788,12573,7975,5786,2216,959,7249,115793,15617,14242,9861,17346,14492,1335,10139,13722,96754,1636,4406,2000,43997,9549,11467,18068,26034,108466,178898,45352,9393,18447,5775,25035,29471,6535,14665,3282,23175,54832,5019,53104,2600,39127,740333,12022,2500,113,7174,4821887
2019-07,591047,15264,51690,95946,22184,214941,73396,72309,8202,15791,80024,1461,3997,107608,372037,14666,25195,74372,40871,36545,485,2377,19337,24455,8965,951,29020,21860,742,46623,155796,5889,117862,44503,57575,6172,69246,395,2529799,119486,49025,7845,194110,86567,10165,31652,28134,1055387,4385,27935,236442,1851133,77345,5394,10449,17102,6186,5873,1957,1115,8186,133607,30434,23478,10794,21520,17182,2023,16278,16156,137865,3134,10384,1632,41967,5645,12983,19159,19476,163768,208390,64698,8163,28827,14378,54247,55422,3006,17242,1625,34338,121563,3390,74776,4083,61208,1033504,17737,3137,110,10912,5717804
2019-08,903720,20556,114311,142337,22829,231246,65597,58507,7832,14773,244070,2441,5567,272857,448969,15606,37875,79618,45294,66859,383,2264,19487,27157,9737,1954,29685,19077,1236,35319,160095,8514,125020,47125,53241,5173,87958,497,3434786,155576,46938,9921,210215,86724,10058,30852,32651,1078045,4313,30842,228759,1924894,76831,5738,8711,21356,5085,4310,1626,1277,8785,133719,38850,34440,6717,23616,20288,2516,18629,17379,162435,8787,14133,1683,46983,4717,15539,19167,17983,228721,267394,96152,10462,33357,27541,95996,73440,3810,15120,1720,35367,149821,3137,92655,5702,59165,1328552,16243,2674,251,14703,7018257
2019-09,702318,16141,52757,70135,17594,294594,58601,39959,10100,18236,98761,1103,4919,129384,402902,13177,28092,53818,32364,43474,334,2300,19827,25408,12740,2395,24575,28004,841,19973,148218,7099,118949,36820,38948,4575,78108,283,2657826,92704,42197,7357,234726,49972,11573,26327,27686,1057296,4420,23886,221325,1799469,63471,8626,12175,16653,7717,10127,2766,1427,10068,133030,36172,24560,9840,27129,16325,1451,15784,17392,148653,1861,7116,1588,38458,6368,12531,18192,19947,178781,268998,56001,10626,26250,4420,41016,46619,7248,13309,2539,26804,42209,3415,50989,3588,41120,929993,18230,2890,95,11892,5702078
2019-10,763741,10549,27330,37421,13593,271471,27206,43482,15874,20708,69733,1297,7053,142721,294102,11374,24409,42522,64813,34429,469,2754,15247,22310,17059,748,14016,41788,748,24186,93841,5342,49954,22283,9625,5594,88335,380,2338507,64106,24790,7190,179927,29260,13485,15052,23768,980589,3783,23310,172975,1538235,57220,6958,11521,14437,10029,9661,1958,1461,8303,121548,27209,18905,8386,28922,14455,1411,13642,16235,129165,1327,3447,1630,49297,10320,11799,22882,23343,110716,188281,62169,9680,21067,4649,17903,26648,9879,13303,3520,18855,19806,10197,36879,2819,44028,724444,14653,2475,111,9117,4878255
2019-11,255958,8654,18961,31813,7514,224646,6662,9333,2061,5900,51887,814,5186,39871,93301,4671,19000,22454,13882,26103,243,2487,8745,13040,2513,660,6650,10350,660,8305,25061,3374,35859,16434,3530,4647,64263,119,1055611,63119,7168,6564,165236,20067,12458,8241,22132,288156,3414,19962,54512,671029,34576,3024,6914,9640,6568,7666,1085,1019,5702,76194,20299,17665,3410,20555,12067,1473,14626,17141,107236,1165,6126,1534,28782,12480,12781,16925,21029,83262,150502,36796,8846,18274,4766,19521,17813,11941,11218,3399,18030,20533,5146,24777,2703,39525,577874,7551,955,81,5164,2501695
2019-12,150389,9518,13865,16762,4738,210939,2701,6235,1069,3591,35644,760,3125,31420,53341,2430,17550,11772,9837,20272,113,1780,7462,12511,1509,286,2776,2163,565,4609,11437,2642,25311,11042,2118,2352,61352,105,756091,59015,3956,5322,168921,16472,8858,8722,20692,111926,3651,22709,38831,469075,36667,1144,5748,7482,4922,4980,464,1113,4177,66697,16048,14022,4313,17500,12544,1332,15851,17261,98871,3127,8901,1418,23431,12279,10427,14882,17697,80430,128789,35513,6783,17088,8359,16234,15378,20727,10912,7562,17217,17975,4208,20282,2583,31112,533314,5437,901,42,4862,1935290
2020-01,180881,8125,22598,18396,6468,182270,2477,6558,1102,3346,40713,847,3783,33980,44051,2766,15610,14758,11963,24398,109,2555,8142,16429,1532,323,3586,2600,721,4905,12634,2736,32621,13984,1799,1821,52354,149,784090,63136,3964,3200,130490,18952,9354,7098,14106,154941,3239,16916,42550,467946,34008,2446,7898,7680,4663,4240,638,1042,3997,66612,17078,17750,5134,20928,14311,1533,15335,14424,106493,4062,11222,1307,24306,17102,11297,18058,14783,99711,130896,44076,6965,13987,11539,37737,15789,6217,11329,2065,22577,53927,4038,27238,4067,31010,625305,6265,872,184,7803,2065570
2020-02,141536,5903,16670,16643,5148,151114,3097,10952,1097,2997,40636,599,3191,33439,47730,2808,12787,12045,12392,17014,133,1741,7268,11370,1660,368,2957,2670,594,5014,13486,3087,25662,13233,1890,2747,38974,89,670741,47514,3980,3171,131780,17207,7905,7082,16805,101284,3741,15505,38009,393983,22779,2509,4779,6510,2156,3398,1401,586,3810,47928,15406,14195,2755,16027,11307,1128,13339,14814,88971,894,5157,1052,8962,11669,8518,15486,12924,87272,107191,23987,7161,23426,5778,21450,14150,6368,9289,1475,15462,15482,2750,18176,2758,26711,453548,3819,543,97,4578,1664208
2020-03,110649,3878,7988,11743,5249,81049,2120,5193,1052,2435,24453,335,2454,21832,37459,1775,7673,6411,7101,3597,65,1177,4604,8318,1159,139,2167,1807,313,4055,7021,1431,16801,9221,1146,1285,14582,60,419797,22352,3090,1254,65792,9888,4865,5119,10634,94333,2261,4350,26439,250377,15833,1431,2837,4252,1510,3373,662,425,1999,32322,15204,7688,1914,11011,5704,803,9427,9708,61459,435,1075,468,2118,3789,4141,1598,5697,16972,9452,9189,3734,9208,2490,6951,7394,4428,5371,1253,7951,6173,1107,9542,1265,14404,136205,2666,313,49,2879,906067
2020-04,2888,534,471,213,587,6562,35,116,4,74,508,3,73,447,423,9,79,270,135,128,5,40,132,310,6,1,22,65,0,193,148,23,1450,1685,52,6,598,0,18295,1435,358,120,4419,529,595,572,256,1413,47,193,1904,11841,304,3,25,317,11,11,2,2,15,690,1744,28,3,43,82,4,173,172,2249,6,110,22,57,26,366,347,202,2721,7234,95,25,510,71,1678,313,356,206,4,280,250,57,87,11,2344,17378,43,4,2,128,50630
2020-05,1740,572,115,126,477,8554,43,42,1,19,177,0,92,244,387,9,47,66,29,55,0,122,111,1494,28,1,96,65,4,19,369,6,1978,1979,45,3,597,1,19713,1625,295,224,3633,355,350,1535,904,1512,243,19,2760,13455,238,10,126,40,42,2,6,5,54,523,7,13,65,5387,254,64,161,78,6029,0,1,0,46,28,175,112,202,1664,5065,47,2,67,3,1,363,12,290,11,285,468,208,1000,8,1613,11671,118,8,1,70,51588
2020-06,16837,950,1961,1994,1181,20109,218,531,30,99,2515,15,234,4301,2279,87,221,728,1148,447,6,367,686,2270,112,16,300,172,8,216,853,117,3811,4537,118,59,3437,13,72983,2360,793,77,6364,3106,418,2822,1789,3083,63,41,5849,26765,1451,10,64,216,52,32,22,3,88,1938,655,1877,21,2914,602,145,153,855,7222,0,2,6,64,414,889,377,618,3100,7472,133,71,507,54,10,306,106,375,25,710,89,7,924,25,3093,19377,218,36,2,320,128861
,,,,,,,,,,,,,,,,,,,,,,,,,,,,,,,,,,,,,,,,,,,,,,,,,,,,,,,,,,,,,,,,,,,,,,,,,,,,,,,,,,,,,,,,,,,,,,,,,,,,,,
,,,,,,,,,,,,,,,,,,,,,,,,,,,,,,,,,,,,,,,,,,,,,,,,,,,,,,,,,,,,,,,,,,,,,,,,,,,,,,,,,,,,,,,,,,,,,,,,,,,,,,
,,,,,,,,,,,,,,,,,,,,,,,,,,,,,,,,,,,,,,,,,,,,,,,,,,,,,,,,,,,,,,,,,,,,,,,,,,,,,,,,,,,,,,,,,,,,,,,,,,,,,,
,,,,,,,,,,,,,,,,,,,,,,,,,,,,,,,,,,,,,,,,,,,,,,,,,,,,,,,,,,,,,,,,,,,,,,,,,,,,,,,,,,,,,,,,,,,,,,,,,,,,,,
,,,,,,,,,,,,,,,,,,,,,,,,,,,,,,,,,,,,,,,,,,,,,,,,,,,,,,,,,,,,,,,,,,,,,,,,,,,,,,,,,,,,,,,,,,,,,,,,,,,,,,
,,,,,,,,,,,,,,,,,,,,,,,,,,,,,,,,,,,,,,,,,,,,,,,,,,,,,,,,,,,,,,,,,,,,,,,,,,,,,,,,,,,,,,,,,,,,,,,,,,,,,,
,,,,,,,,,,,,,,,,,,,,,,,,,,,,,,,,,,,,,,,,,,,,,,,,,,,,,,,,,,,,,,,,,,,,,,,,,,,,,,,,,,,,,,,,,,,,,,,,,,,,,,
,,,,,,,,,,,,,,,,,,,,,,,,,,,,,,,,,,,,,,,,,,,,,,,,,,,,,,,,,,,,,,,,,,,,,,,,,,,,,,,,,,,,,,,,,,,,,,,,,,,,,,
,,,,,,,,,,,,,,,,,,,,,,,,,,,,,,,,,,,,,,,,,,,,,,,,,,,,,,,,,,,,,,,,,,,,,,,,,,,,,,,,,,,,,,,,,,,,,,,,,,,,,,
,,,,,,,,,,,,,,,,,,,,,,,,,,,,,,,,,,,,,,,,,,,,,,,,,,,,,,,,,,,,,,,,,,,,,,,,,,,,,,,,,,,,,,,,,,,,,,,,,,,,,,
,,,,,,,,,,,,,,,,,,,,,,,,,,,,,,,,,,,,,,,,,,,,,,,,,,,,,,,,,,,,,,,,,,,,,,,,,,,,,,,,,,,,,,,,,,,,,,,,,,,,,,
,,,,,,,,,,,,,,,,,,,,,,,,,,,,,,,,,,,,,,,,,,,,,,,,,,,,,,,,,,,,,,,,,,,,,,,,,,,,,,,,,,,,,,,,,,,,,,,,,,,,,,
,,,,,,,,,,,,,,,,,,,,,,,,,,,,,,,,,,,,,,,,,,,,,,,,,,,,,,,,,,,,,,,,,,,,,,,,,,,,,,,,,,,,,,,,,,,,,,,,,,,,,,
,,,,,,,,,,,,,,,,,,,,,,,,,,,,,,,,,,,,,,,,,,,,,,,,,,,,,,,,,,,,,,,,,,,,,,,,,,,,,,,,,,,,,,,,,,,,,,,,,,,,,,
,,,,,,,,,,,,,,,,,,,,,,,,,,,,,,,,,,,,,,,,,,,,,,,,,,,,,,,,,,,,,,,,,,,,,,,,,,,,,,,,,,,,,,,,,,,,,,,,,,,,,,
,,,,,,,,,,,,,,,,,,,,,,,,,,,,,,,,,,,,,,,,,,,,,,,,,,,,,,,,,,,,,,,,,,,,,,,,,,,,,,,,,,,,,,,,,,,,,,,,,,,,,,
,,,,,,,,,,,,,,,,,,,,,,,,,,,,,,,,,,,,,,,,,,,,,,,,,,,,,,,,,,,,,,,,,,,,,,,,,,,,,,,,,,,,,,,,,,,,,,,,,,,,,,
,,,,,,,,,,,,,,,,,,,,,,,,,,,,,,,,,,,,,,,,,,,,,,,,,,,,,,,,,,,,,,,,,,,,,,,,,,,,,,,,,,,,,,,,,,,,,,,,,,,,,,
,,,,,,,,,,,,,,,,,,,,,,,,,,,,,,,,,,,,,,,,,,,,,,,,,,,,,,,,,,,,,,,,,,,,,,,,,,,,,,,,,,,,,,,,,,,,,,,,,,,,,,
,,,,,,,,,,,,,,,,,,,,,,,,,,,,,,,,,,,,,,,,,,,,,,,,,,,,,,,,,,,,,,,,,,,,,,,,,,,,,,,,,,,,,,,,,,,,,,,,,,,,,,
,,,,,,,,,,,,,,,,,,,,,,,,,,,,,,,,,,,,,,,,,,,,,,,,,,,,,,,,,,,,,,,,,,,,,,,,,,,,,,,,,,,,,,,,,,,,,,,,,,,,,,
,,,,,,,,,,,,,,,,,,,,,,,,,,,,,,,,,,,,,,,,,,,,,,,,,,,,,,,,,,,,,,,,,,,,,,,,,,,,,,,,,,,,,,,,,,,,,,,,,,,,,,
,,,,,,,,,,,,,,,,,,,,,,,,,,,,,,,,,,,,,,,,,,,,,,,,,,,,,,,,,,,,,,,,,,,,,,,,,,,,,,,,,,,,,,,,,,,,,,,,,,,,,,
,,,,,,,,,,,,,,,,,,,,,,,,,,,,,,,,,,,,,,,,,,,,,,,,,,,,,,,,,,,,,,,,,,,,,,,,,,,,,,,,,,,,,,,,,,,,,,,,,,,,,,
,,,,,,,,,,,,,,,,,,,,,,,,,,,,,,,,,,,,,,,,,,,,,,,,,,,,,,,,,,,,,,,,,,,,,,,,,,,,,,,,,,,,,,,,,,,,,,,,,,,,,,
,,,,,,,,,,,,,,,,,,,,,,,,,,,,,,,,,,,,,,,,,,,,,,,,,,,,,,,,,,,,,,,,,,,,,,,,,,,,,,,,,,,,,,,,,,,,,,,,,,,,,,
,,,,,,,,,,,,,,,,,,,,,,,,,,,,,,,,,,,,,,,,,,,,,,,,,,,,,,,,,,,,,,,,,,,,,,,,,,,,,,,,,,,,,,,,,,,,,,,,,,,,,,
,,,,,,,,,,,,,,,,,,,,,,,,,,,,,,,,,,,,,,,,,,,,,,,,,,,,,,,,,,,,,,,,,,,,,,,,,,,,,,,,,,,,,,,,,,,,,,,,,,,,,,
,,,,,,,,,,,,,,,,,,,,,,,,,,,,,,,,,,,,,,,,,,,,,,,,,,,,,,,,,,,,,,,,,,,,,,,,,,,,,,,,,,,,,,,,,,,,,,,,,,,,,,
,,,,,,,,,,,,,,,,,,,,,,,,,,,,,,,,,,,,,,,,,,,,,,,,,,,,,,,,,,,,,,,,,,,,,,,,,,,,,,,,,,,,,,,,,,,,,,,,,,,,,,
,,,,,,,,,,,,,,,,,,,,,,,,,,,,,,,,,,,,,,,,,,,,,,,,,,,,,,,,,,,,,,,,,,,,,,,,,,,,,,,,,,,,,,,,,,,,,,,,,,,,,,
,,,,,,,,,,,,,,,,,,,,,,,,,,,,,,,,,,,,,,,,,,,,,,,,,,,,,,,,,,,,,,,,,,,,,,,,,,,,,,,,,,,,,,,,,,,,,,,,,,,,,,
,,,,,,,,,,,,,,,,,,,,,,,,,,,,,,,,,,,,,,,,,,,,,,,,,,,,,,,,,,,,,,,,,,,,,,,,,,,,,,,,,,,,,,,,,,,,,,,,,,,,,,
,,,,,,,,,,,,,,,,,,,,,,,,,,,,,,,,,,,,,,,,,,,,,,,,,,,,,,,,,,,,,,,,,,,,,,,,,,,,,,,,,,,,,,,,,,,,,,,,,,,,,,
,,,,,,,,,,,,,,,,,,,,,,,,,,,,,,,,,,,,,,,,,,,,,,,,,,,,,,,,,,,,,,,,,,,,,,,,,,,,,,,,,,,,,,,,,,,,,,,,,,,,,,
,,,,,,,,,,,,,,,,,,,,,,,,,,,,,,,,,,,,,,,,,,,,,,,,,,,,,,,,,,,,,,,,,,,,,,,,,,,,,,,,,,,,,,,,,,,,,,,,,,,,,,
,,,,,,,,,,,,,,,,,,,,,,,,,,,,,,,,,,,,,,,,,,,,,,,,,,,,,,,,,,,,,,,,,,,,,,,,,,,,,,,,,,,,,,,,,,,,,,,,,,,,,,
,,,,,,,,,,,,,,,,,,,,,,,,,,,,,,,,,,,,,,,,,,,,,,,,,,,,,,,,,,,,,,,,,,,,,,,,,,,,,,,,,,,,,,,,,,,,,,,,,,,,,,
,,,,,,,,,,,,,,,,,,,,,,,,,,,,,,,,,,,,,,,,,,,,,,,,,,,,,,,,,,,,,,,,,,,,,,,,,,,,,,,,,,,,,,,,,,,,,,,,,,,,,,
,,,,,,,,,,,,,,,,,,,,,,,,,,,,,,,,,,,,,,,,,,,,,,,,,,,,,,,,,,,,,,,,,,,,,,,,,,,,,,,,,,,,,,,,,,,,,,,,,,,,,,
,,,,,,,,,,,,,,,,,,,,,,,,,,,,,,,,,,,,,,,,,,,,,,,,,,,,,,,,,,,,,,,,,,,,,,,,,,,,,,,,,,,,,,,,,,,,,,,,,,,,,,
,,,,,,,,,,,,,,,,,,,,,,,,,,,,,,,,,,,,,,,,,,,,,,,,,,,,,,,,,,,,,,,,,,,,,,,,,,,,,,,,,,,,,,,,,,,,,,,,,,,,,,
,,,,,,,,,,,,,,,,,,,,,,,,,,,,,,,,,,,,,,,,,,,,,,,,,,,,,,,,,,,,,,,,,,,,,,,,,,,,,,,,,,,,,,,,,,,,,,,,,,,,,,
,,,,,,,,,,,,,,,,,,,,,,,,,,,,,,,,,,,,,,,,,,,,,,,,,,,,,,,,,,,,,,,,,,,,,,,,,,,,,,,,,,,,,,,,,,,,,,,,,,,,,,
,,,,,,,,,,,,,,,,,,,,,,,,,,,,,,,,,,,,,,,,,,,,,,,,,,,,,,,,,,,,,,,,,,,,,,,,,,,,,,,,,,,,,,,,,,,,,,,,,,,,,,
,,,,,,,,,,,,,,,,,,,,,,,,,,,,,,,,,,,,,,,,,,,,,,,,,,,,,,,,,,,,,,,,,,,,,,,,,,,,,,,,,,,,,,,,,,,,,,,,,,,,,,
,,,,,,,,,,,,,,,,,,,,,,,,,,,,,,,,,,,,,,,,,,,,,,,,,,,,,,,,,,,,,,,,,,,,,,,,,,,,,,,,,,,,,,,,,,,,,,,,,,,,,,
,,,,,,,,,,,,,,,,,,,,,,,,,,,,,,,,,,,,,,,,,,,,,,,,,,,,,,,,,,,,,,,,,,,,,,,,,,,,,,,,,,,,,,,,,,,,,,,,,,,,,,
,,,,,,,,,,,,,,,,,,,,,,,,,,,,,,,,,,,,,,,,,,,,,,,,,,,,,,,,,,,,,,,,,,,,,,,,,,,,,,,,,,,,,,,,,,,,,,,,,,,,,,
,,,,,,,,,,,,,,,,,,,,,,,,,,,,,,,,,,,,,,,,,,,,,,,,,,,,,,,,,,,,,,,,,,,,,,,,,,,,,,,,,,,,,,,,,,,,,,,,,,,,,,
,,,,,,,,,,,,,,,,,,,,,,,,,,,,,,,,,,,,,,,,,,,,,,,,,,,,,,,,,,,,,,,,,,,,,,,,,,,,,,,,,,,,,,,,,,,,,,,,,,,,,,
,,,,,,,,,,,,,,,,,,,,,,,,,,,,,,,,,,,,,,,,,,,,,,,,,,,,,,,,,,,,,,,,,,,,,,,,,,,,,,,,,,,,,,,,,,,,,,,,,,,,,,
,,,,,,,,,,,,,,,,,,,,,,,,,,,,,,,,,,,,,,,,,,,,,,,,,,,,,,,,,,,,,,,,,,,,,,,,,,,,,,,,,,,,,,,,,,,,,,,,,,,,,,
,,,,,,,,,,,,,,,,,,,,,,,,,,,,,,,,,,,,,,,,,,,,,,,,,,,,,,,,,,,,,,,,,,,,,,,,,,,,,,,,,,,,,,,,,,,,,,,,,,,,,,
,,,,,,,,,,,,,,,,,,,,,,,,,,,,,,,,,,,,,,,,,,,,,,,,,,,,,,,,,,,,,,,,,,,,,,,,,,,,,,,,,,,,,,,,,,,,,,,,,,,,,,
,,,,,,,,,,,,,,,,,,,,,,,,,,,,,,,,,,,,,,,,,,,,,,,,,,,,,,,,,,,,,,,,,,,,,,,,,,,,,,,,,,,,,,,,,,,,,,,,,,,,,,
,,,,,,,,,,,,,,,,,,,,,,,,,,,,,,,,,,,,,,,,,,,,,,,,,,,,,,,,,,,,,,,,,,,,,,,,,,,,,,,,,,,,,,,,,,,,,,,,,,,,,,
,,,,,,,,,,,,,,,,,,,,,,,,,,,,,,,,,,,,,,,,,,,,,,,,,,,,,,,,,,,,,,,,,,,,,,,,,,,,,,,,,,,,,,,,,,,,,,,,,,,,,,
,,,,,,,,,,,,,,,,,,,,,,,,,,,,,,,,,,,,,,,,,,,,,,,,,,,,,,,,,,,,,,,,,,,,,,,,,,,,,,,,,,,,,,,,,,,,,,,,,,,,,,
,,,,,,,,,,,,,,,,,,,,,,,,,,,,,,,,,,,,,,,,,,,,,,,,,,,,,,,,,,,,,,,,,,,,,,,,,,,,,,,,,,,,,,,,,,,,,,,,,,,,,,
,,,,,,,,,,,,,,,,,,,,,,,,,,,,,,,,,,,,,,,,,,,,,,,,,,,,,,,,,,,,,,,,,,,,,,,,,,,,,,,,,,,,,,,,,,,,,,,,,,,,,,
,,,,,,,,,,,,,,,,,,,,,,,,,,,,,,,,,,,,,,,,,,,,,,,,,,,,,,,,,,,,,,,,,,,,,,,,,,,,,,,,,,,,,,,,,,,,,,,,,,,,,,
,,,,,,,,,,,,,,,,,,,,,,,,,,,,,,,,,,,,,,,,,,,,,,,,,,,,,,,,,,,,,,,,,,,,,,,,,,,,,,,,,,,,,,,,,,,,,,,,,,,,,,
,,,,,,,,,,,,,,,,,,,,,,,,,,,,,,,,,,,,,,,,,,,,,,,,,,,,,,,,,,,,,,,,,,,,,,,,,,,,,,,,,,,,,,,,,,,,,,,,,,,,,,
,,,,,,,,,,,,,,,,,,,,,,,,,,,,,,,,,,,,,,,,,,,,,,,,,,,,,,,,,,,,,,,,,,,,,,,,,,,,,,,,,,,,,,,,,,,,,,,,,,,,,,
,,,,,,,,,,,,,,,,,,,,,,,,,,,,,,,,,,,,,,,,,,,,,,,,,,,,,,,,,,,,,,,,,,,,,,,,,,,,,,,,,,,,,,,,,,,,,,,,,,,,,,
,,,,,,,,,,,,,,,,,,,,,,,,,,,,,,,,,,,,,,,,,,,,,,,,,,,,,,,,,,,,,,,,,,,,,,,,,,,,,,,,,,,,,,,,,,,,,,,,,,,,,,
,,,,,,,,,,,,,,,,,,,,,,,,,,,,,,,,,,,,,,,,,,,,,,,,,,,,,,,,,,,,,,,,,,,,,,,,,,,,,,,,,,,,,,,,,,,,,,,,,,,,,,
,,,,,,,,,,,,,,,,,,,,,,,,,,,,,,,,,,,,,,,,,,,,,,,,,,,,,,,,,,,,,,,,,,,,,,,,,,,,,,,,,,,,,,,,,,,,,,,,,,,,,,
,,,,,,,,,,,,,,,,,,,,,,,,,,,,,,,,,,,,,,,,,,,,,,,,,,,,,,,,,,,,,,,,,,,,,,,,,,,,,,,,,,,,,,,,,,,,,,,,,,,,,,
,,,,,,,,,,,,,,,,,,,,,,,,,,,,,,,,,,,,,,,,,,,,,,,,,,,,,,,,,,,,,,,,,,,,,,,,,,,,,,,,,,,,,,,,,,,,,,,,,,,,,,
,,,,,,,,,,,,,,,,,,,,,,,,,,,,,,,,,,,,,,,,,,,,,,,,,,,,,,,,,,,,,,,,,,,,,,,,,,,,,,,,,,,,,,,,,,,,,,,,,,,,,,
,,,,,,,,,,,,,,,,,,,,,,,,,,,,,,,,,,,,,,,,,,,,,,,,,,,,,,,,,,,,,,,,,,,,,,,,,,,,,,,,,,,,,,,,,,,,,,,,,,,,,,
,,,,,,,,,,,,,,,,,,,,,,,,,,,,,,,,,,,,,,,,,,,,,,,,,,,,,,,,,,,,,,,,,,,,,,,,,,,,,,,,,,,,,,,,,,,,,,,,,,,,,,
,,,,,,,,,,,,,,,,,,,,,,,,,,,,,,,,,,,,,,,,,,,,,,,,,,,,,,,,,,,,,,,,,,,,,,,,,,,,,,,,,,,,,,,,,,,,,,,,,,,,,,
,,,,,,,,,,,,,,,,,,,,,,,,,,,,,,,,,,,,,,,,,,,,,,,,,,,,,,,,,,,,,,,,,,,,,,,,,,,,,,,,,,,,,,,,,,,,,,,,,,,,,,
,,,,,,,,,,,,,,,,,,,,,,,,,,,,,,,,,,,,,,,,,,,,,,,,,,,,,,,,,,,,,,,,,,,,,,,,,,,,,,,,,,,,,,,,,,,,,,,,,,,,,,
,,,,,,,,,,,,,,,,,,,,,,,,,,,,,,,,,,,,,,,,,,,,,,,,,,,,,,,,,,,,,,,,,,,,,,,,,,,,,,,,,,,,,,,,,,,,,,,,,,,,,,
,,,,,,,,,,,,,,,,,,,,,,,,,,,,,,,,,,,,,,,,,,,,,,,,,,,,,,,,,,,,,,,,,,,,,,,,,,,,,,,,,,,,,,,,,,,,,,,,,,,,,,
,,,,,,,,,,,,,,,,,,,,,,,,,,,,,,,,,,,,,,,,,,,,,,,,,,,,,,,,,,,,,,,,,,,,,,,,,,,,,,,,,,,,,,,,,,,,,,,,,,,,,,
,,,,,,,,,,,,,,,,,,,,,,,,,,,,,,,,,,,,,,,,,,,,,,,,,,,,,,,,,,,,,,,,,,,,,,,,,,,,,,,,,,,,,,,,,,,,,,,,,,,,,,
,,,,,,,,,,,,,,,,,,,,,,,,,,,,,,,,,,,,,,,,,,,,,,,,,,,,,,,,,,,,,,,,,,,,,,,,,,,,,,,,,,,,,,,,,,,,,,,,,,,,,,
,,,,,,,,,,,,,,,,,,,,,,,,,,,,,,,,,,,,,,,,,,,,,,,,,,,,,,,,,,,,,,,,,,,,,,,,,,,,,,,,,,,,,,,,,,,,,,,,,,,,,,
,,,,,,,,,,,,,,,,,,,,,,,,,,,,,,,,,,,,,,,,,,,,,,,,,,,,,,,,,,,,,,,,,,,,,,,,,,,,,,,,,,,,,,,,,,,,,,,,,,,,,,
,,,,,,,,,,,,,,,,,,,,,,,,,,,,,,,,,,,,,,,,,,,,,,,,,,,,,,,,,,,,,,,,,,,,,,,,,,,,,,,,,,,,,,,,,,,,,,,,,,,,,,
,,,,,,,,,,,,,,,,,,,,,,,,,,,,,,,,,,,,,,,,,,,,,,,,,,,,,,,,,,,,,,,,,,,,,,,,,,,,,,,,,,,,,,,,,,,,,,,,,,,,,,
,,,,,,,,,,,,,,,,,,,,,,,,,,,,,,,,,,,,,,,,,,,,,,,,,,,,,,,,,,,,,,,,,,,,,,,,,,,,,,,,,,,,,,,,,,,,,,,,,,,,,,
,,,,,,,,,,,,,,,,,,,,,,,,,,,,,,,,,,,,,,,,,,,,,,,,,,,,,,,,,,,,,,,,,,,,,,,,,,,,,,,,,,,,,,,,,,,,,,,,,,,,,,
,,,,,,,,,,,,,,,,,,,,,,,,,,,,,,,,,,,,,,,,,,,,,,,,,,,,,,,,,,,,,,,,,,,,,,,,,,,,,,,,,,,,,,,,,,,,,,,,,,,,,,
,,,,,,,,,,,,,,,,,,,,,,,,,,,,,,,,,,,,,,,,,,,,,,,,,,,,,,,,,,,,,,,,,,,,,,,,,,,,,,,,,,,,,,,,,,,,,,,,,,,,,,
,,,,,,,,,,,,,,,,,,,,,,,,,,,,,,,,,,,,,,,,,,,,,,,,,,,,,,,,,,,,,,,,,,,,,,,,,,,,,,,,,,,,,,,,,,,,,,,,,,,,,,
,,,,,,,,,,,,,,,,,,,,,,,,,,,,,,,,,,,,,,,,,,,,,,,,,,,,,,,,,,,,,,,,,,,,,,,,,,,,,,,,,,,,,,,,,,,,,,,,,,,,,,
,,,,,,,,,,,,,,,,,,,,,,,,,,,,,,,,,,,,,,,,,,,,,,,,,,,,,,,,,,,,,,,,,,,,,,,,,,,,,,,,,,,,,,,,,,,,,,,,,,,,,,
,,,,,,,,,,,,,,,,,,,,,,,,,,,,,,,,,,,,,,,,,,,,,,,,,,,,,,,,,,,,,,,,,,,,,,,,,,,,,,,,,,,,,,,,,,,,,,,,,,,,,,
,,,,,,,,,,,,,,,,,,,,,,,,,,,,,,,,,,,,,,,,,,,,,,,,,,,,,,,,,,,,,,,,,,,,,,,,,,,,,,,,,,,,,,,,,,,,,,,,,,,,,,
,,,,,,,,,,,,,,,,,,,,,,,,,,,,,,,,,,,,,,,,,,,,,,,,,,,,,,,,,,,,,,,,,,,,,,,,,,,,,,,,,,,,,,,,,,,,,,,,,,,,,,
,,,,,,,,,,,,,,,,,,,,,,,,,,,,,,,,,,,,,,,,,,,,,,,,,,,,,,,,,,,,,,,,,,,,,,,,,,,,,,,,,,,,,,,,,,,,,,,,,,,,,,
,,,,,,,,,,,,,,,,,,,,,,,,,,,,,,,,,,,,,,,,,,,,,,,,,,,,,,,,,,,,,,,,,,,,,,,,,,,,,,,,,,,,,,,,,,,,,,,,,,,,,,
,,,,,,,,,,,,,,,,,,,,,,,,,,,,,,,,,,,,,,,,,,,,,,,,,,,,,,,,,,,,,,,,,,,,,,,,,,,,,,,,,,,,,,,,,,,,,,,,,,,,,,
,,,,,,,,,,,,,,,,,,,,,,,,,,,,,,,,,,,,,,,,,,,,,,,,,,,,,,,,,,,,,,,,,,,,,,,,,,,,,,,,,,,,,,,,,,,,,,,,,,,,,,
,,,,,,,,,,,,,,,,,,,,,,,,,,,,,,,,,,,,,,,,,,,,,,,,,,,,,,,,,,,,,,,,,,,,,,,,,,,,,,,,,,,,,,,,,,,,,,,,,,,,,,
,,,,,,,,,,,,,,,,,,,,,,,,,,,,,,,,,,,,,,,,,,,,,,,,,,,,,,,,,,,,,,,,,,,,,,,,,,,,,,,,,,,,,,,,,,,,,,,,,,,,,,
,,,,,,,,,,,,,,,,,,,,,,,,,,,,,,,,,,,,,,,,,,,,,,,,,,,,,,,,,,,,,,,,,,,,,,,,,,,,,,,,,,,,,,,,,,,,,,,,,,,,,,
,,,,,,,,,,,,,,,,,,,,,,,,,,,,,,,,,,,,,,,,,,,,,,,,,,,,,,,,,,,,,,,,,,,,,,,,,,,,,,,,,,,,,,,,,,,,,,,,,,,,,,
,,,,,,,,,,,,,,,,,,,,,,,,,,,,,,,,,,,,,,,,,,,,,,,,,,,,,,,,,,,,,,,,,,,,,,,,,,,,,,,,,,,,,,,,,,,,,,,,,,,,,,
,,,,,,,,,,,,,,,,,,,,,,,,,,,,,,,,,,,,,,,,,,,,,,,,,,,,,,,,,,,,,,,,,,,,,,,,,,,,,,,,,,,,,,,,,,,,,,,,,,,,,,
,,,,,,,,,,,,,,,,,,,,,,,,,,,,,,,,,,,,,,,,,,,,,,,,,,,,,,,,,,,,,,,,,,,,,,,,,,,,,,,,,,,,,,,,,,,,,,,,,,,,,,
